shipment_id,product_id,location,temperature,timestamp
6bfb93cd-a212-4ef7-896b-abfbea15c14b,171,Elliottbury,15,2025-10-16 21:47:57.918855
777f3410-8114-4853-bbd2-0be1692c676c,150,Steelefurt,31,2025-09-17 23:14:37.791952
e5ed51ad-5f39-49ee-b844-ff40ad5190fa,187,South Timothyton,26,2025-10-05 21:15:22.887956
4d179def-6fbe-44ac-bd3c-ef817086c68a,185,Sonyafurt,36,2025-10-16 13:11:15.498351
f84ef008-b9f3-4d12-9287-c44caefae752,157,Brenthaven,32,2025-09-22 11:15:48.794099
236adfb7-b734-40eb-b1e0-9dc3c2d3ee37,144,West Davidchester,28,2025-10-01 04:08:53.768939
afa07a13-df7b-4a0c-8dab-99598581e904,176,Wellsshire,38,2025-10-17 03:58:40.958096
b73f819c-c020-4b51-b978-3d635dee19ed,197,East Alisonton,29,2025-09-28 01:23:56.498210
a448089e-30b0-439d-a891-980ab8b2a5c4,161,Stewartfort,33,2025-09-26 07:27:22.097926
02224ef5-e400-454c-92e6-71f7076be83a,173,West Marissaview,27,2025-09-25 04:48:10.075475
a242614c-5ae9-4970-9815-aa96901bec0a,125,Port Jessicaland,16,2025-10-04 18:28:14.288604
3e1e4a26-5784-48e5-9e59-f3386e908d8e,196,Port Susan,35,2025-10-07 11:07:20.189786
9f136c56-f63f-4346-bce2-a39e538fd5b8,111,Emilyhaven,39,2025-09-21 23:24:22.009960
fa145466-1726-48cb-ae3b-24f16f75ff18,112,Port Jacob,29,2025-10-15 18:37:59.687102
2563ffe6-332f-4b27-9b0a-c9b65dc0831a,114,Robinbury,30,2025-10-10 00:43:18.404454
e1979170-45c1-4d59-827d-8ce694e02bbe,132,Port Roystad,34,2025-09-19 20:50:29.577859
ec050928-61ac-4325-92c1-8973a984c7c2,138,Zunigashire,24,2025-09-19 11:11:25.121218
b9929252-ae4e-42f4-a6cc-ffe6dca5b8ba,194,New Katelynville,25,2025-09-18 15:21:12.599728
55ee26d1-1738-4e97-9e8d-76e0dee11b4d,183,East Garystad,32,2025-10-09 19:58:35.676847
a2a44564-86cc-4a8c-9b10-598c9a7d99d8,177,New Steven,27,2025-10-07 03:39:54.676181
7aff7653-7b7f-451b-8fad-909d93dd5598,167,East Jenniferland,34,2025-09-21 03:24:37.500929
3b2c8bb8-e42d-46b9-ac8e-e6f9f9d65273,144,Brendachester,18,2025-10-09 10:19:54.341561
a646596c-47fe-4df0-9da4-58395c941717,174,North Harry,16,2025-10-16 07:52:20.481024
216584c3-e71f-47c0-aee3-523c15ea2d75,117,Monicahaven,38,2025-09-26 23:07:24.515875
c921a0bb-cf8f-4357-8b7a-8b57ce736e35,144,Tylerton,34,2025-10-13 10:42:34.406186
28681ff5-b173-44eb-9543-fd811788be0b,135,Port Calebtown,23,2025-10-16 22:06:22.718815
9b7dcbc7-2fef-4e86-9007-af404908971a,156,East Thomas,31,2025-10-09 03:20:04.899535
57627c46-9b13-438a-b6d0-30b1e2da829b,139,East Sandrashire,39,2025-10-04 06:26:24.588912
859f16bf-9148-4dc6-a460-afefeaefe35b,130,South Timothy,16,2025-10-16 17:13:31.332938
c8214b36-fbd8-40ff-a65f-3f304f8601d7,140,Port Dakota,15,2025-09-29 01:56:28.777555
73af2926-4f2b-4c11-95c0-e4c33db340d6,118,Robertfort,25,2025-09-28 10:09:50.888778
9528478f-a59b-414e-80de-c38cc2122a52,199,East Christina,22,2025-10-10 16:20:36.482030
67edd5c8-7746-4091-88c8-21d1c642aa8f,139,Port Deborahview,18,2025-09-18 04:58:16.978118
9b77d415-f73a-4d5e-b5fa-7164ef48e238,197,South Julie,16,2025-10-15 20:06:45.399634
2f1db5c9-0211-41f8-9ca1-d4c803317953,166,Schneidershire,18,2025-10-04 11:37:13.141032
d045e993-f787-4f42-b8c1-480ab46906a7,154,Boydstad,36,2025-10-15 22:31:43.472019
fe5c2c43-b380-43b9-9de9-c017b68a38a4,140,Port Meredith,35,2025-10-15 10:54:41.226807
ecd45df2-650f-475c-9a74-fabd1a46d905,158,New Maureen,29,2025-10-07 08:09:32.605008
45a1007e-d5dd-4e7c-8214-86ff0ba66c46,190,West Seth,28,2025-10-02 09:58:04.889574
acc25978-b342-4ce1-ab76-b02ba2943ba3,199,East Kevin,36,2025-10-12 02:57:01.441844
10b7b86d-71c1-4b63-b56e-50bb239f85a6,184,Cantuhaven,38,2025-10-06 02:50:11.708275
9022ab65-01f9-4658-a440-763a296779af,199,New Davidbury,30,2025-09-29 15:19:42.505957
9be4e1a4-eb3b-43f7-90ab-afafdabb0c1f,154,Martinezbury,29,2025-10-13 16:03:13.628808
94f340c7-836a-49b1-b6f2-d1224ecbf2fc,184,Jonathanborough,26,2025-10-02 11:55:57.312387
a0de18bb-a558-4d36-8c6e-c0f4a791ee37,109,North Linda,31,2025-09-28 19:55:03.076781
59adc599-0b93-4b02-a5e1-f405c64d9bd6,140,Lake Reginald,24,2025-09-24 08:38:31.807930
0d5e500f-656d-45d3-800e-badd36305244,139,Wongland,23,2025-10-13 20:46:10.746856
fc429313-0d16-45ae-bd2d-3d692e7d5b4b,138,New Ashley,22,2025-10-11 13:17:46.472513
69e8c27c-c9ce-4b3a-8c43-a726a88115c6,139,East Richardmouth,28,2025-10-07 02:12:54.666487
071b53f2-d794-45a8-be42-6509ee691123,102,Allenport,18,2025-10-04 18:26:56.184177
dad1108e-5161-4672-a27f-459f99115cff,182,Port Carol,37,2025-10-12 10:04:56.317806
aaeebe25-de0e-4e55-ab30-47fa6d53485d,181,South Shawn,18,2025-09-27 09:20:15.716897
cf1011f2-831b-4196-bb12-038580766af6,147,Tiffanyfurt,29,2025-10-12 18:56:03.344867
36cdc539-b909-4bcf-a9cf-7be9459c8d07,110,Kingmouth,36,2025-09-27 02:42:01.263322
4cc4b51e-e1b9-4318-a8a1-0a2064c83778,110,North Jeffrey,26,2025-09-20 13:27:29.717156
2c67966b-be28-405e-9ab2-1b25808a4416,190,Lanestad,16,2025-09-18 03:39:08.315174
eb24905c-2f93-4167-af6e-2ce7e8f1d82a,151,Armstrongshire,17,2025-10-12 09:33:51.660203
7f9c7453-c6b4-4487-8b25-04a7cf49d745,159,West Shelby,27,2025-09-23 23:59:44.529542
7ccdb44c-7e76-4994-bd00-59cdd1986630,111,Antoniostad,19,2025-10-06 03:03:34.826276
9597e03b-6f85-48c6-b832-14a66bbcf661,169,South Alishaberg,32,2025-09-27 20:02:28.051094
a32cea51-a902-4335-93b0-1c85bbdac4b8,104,New James,17,2025-10-15 23:18:30.111445
d4a96cae-c2bb-40b4-8352-0da30fde059e,122,South Michellefort,19,2025-09-22 06:12:43.112311
8cc1ab59-b82d-4ec6-8bf8-1f5db648a24f,188,Georgeberg,39,2025-09-25 19:27:54.691804
a0a6b611-f215-473e-93b5-9152398773c3,192,Kevinchester,27,2025-10-03 17:22:02.204546
0f663848-e40b-460a-a73a-c22b9295adaa,176,North Sarahbury,21,2025-10-15 16:54:32.758946
13b38a2b-7a21-43c9-855f-b8674ab73b4b,193,Leblancchester,16,2025-09-29 11:18:16.927254
e8144ed1-69cc-422a-8327-75d29aba272a,186,Vincentmouth,17,2025-10-07 15:16:56.050511
5272acc1-70fe-4ee0-9d4a-a63cb9a57a92,163,New Alice,24,2025-09-30 04:49:02.543502
5d8b7b67-0094-42d5-ba71-89256f635562,133,Karenland,31,2025-10-06 01:21:08.339231
c33b52f6-41e6-4b65-b335-5ab5e03ec35c,178,North Stephen,21,2025-09-22 00:08:11.988534
dad6fbd7-5e0c-4395-a49f-79da06489b28,196,Fitzgeraldmouth,19,2025-09-19 07:35:53.693443
92862448-39bb-4445-80d9-e0216b51af06,140,New Omarfort,17,2025-10-13 18:48:38.277147
556222f3-3e6a-4a54-904a-cfb992d8b3d4,106,Port Carmenton,37,2025-10-03 00:37:06.552457
47866a4f-3ce8-4e28-b417-dd19ff9c4bc2,194,Lake Jenniferstad,30,2025-09-30 14:23:16.774146
7697197a-d0dd-47f1-9c1d-cf77b0ad87b6,130,Edwardton,16,2025-09-26 22:29:55.331761
72ef31ea-5cc1-42a5-9f45-1c272b030ec9,150,Williamsmouth,33,2025-09-30 12:47:15.994611
54927209-a773-45be-957e-8c7745e36ba4,184,Lake Patrick,19,2025-10-12 12:48:01.292508
e9821353-6020-458f-a153-25fd0563cd7e,178,Lake Patrick,35,2025-10-12 02:13:27.179806
6bb9d6d0-cdbf-4236-a18f-16b617b9770e,197,Port Johnmouth,23,2025-09-22 14:37:23.842897
e84c0afd-0087-4060-bc8b-159175698ce8,180,Port John,32,2025-10-11 06:49:07.657516
400b262a-0746-415f-8ba0-f064f89f81df,136,West Alejandro,39,2025-09-28 18:32:00.612972
3a284aef-b8f8-43e9-847f-76a199812dbb,170,North Phillip,26,2025-09-21 14:27:35.429218
9d51984e-3eb3-468d-ad8f-ff14f4945f98,113,East Bryanside,26,2025-09-29 22:28:49.253937
626b6172-12c4-4264-b569-7b6121c96376,173,North Kendra,35,2025-10-16 01:52:55.111374
fe560e03-9a3c-48ce-9390-8fc7ec6661d9,123,East Jonathanton,24,2025-10-13 02:41:18.920851
31573b3b-e676-4a52-b329-0fcce3dab631,189,West Stephanie,22,2025-10-17 13:34:41.098988
239bc85b-21e0-47b5-bb68-06c5462f7cd4,198,Kathleenberg,32,2025-09-27 11:57:11.182831
18cab4f9-5550-4b3e-b122-d8dc07f0feb6,195,Nelsonchester,23,2025-09-26 12:40:06.846554
21eb014d-7950-48c6-bcc9-14f0c4cf0d13,193,East Gary,28,2025-10-09 17:29:09.774400
5fbefa77-1d2e-4583-813f-032b89fb8c8d,122,North Danielborough,27,2025-09-21 18:26:29.259312
1ee5a1c0-5a89-4e99-8d69-5eeee9faf12e,185,North Courtney,18,2025-09-28 02:08:31.549304
1d4774c6-e03f-4271-9c8d-8c09285eebda,121,Odombury,15,2025-10-09 18:30:21.265920
e3713832-7dbf-43cd-ad92-ad7a4c60217f,163,Seanfort,18,2025-10-12 12:08:07.841005
ef16ca9d-b1ef-4d1a-a72e-117da26fd7e2,179,Donnabury,15,2025-09-25 22:24:47.989008
1b7f5029-7753-4af2-8a1d-bde12fa83ecc,186,Port Tiffanyfort,20,2025-10-02 16:15:05.506870
e0262425-6a67-4b46-b779-acbdc1f34f2f,145,West Allison,35,2025-10-08 08:45:53.818732
41b99b18-5b89-4913-843a-44a75f12fabd,107,Nataliefort,17,2025-10-02 12:56:50.166177
75f52bda-772e-4576-a890-1863fbe82a41,145,Evanschester,39,2025-09-22 13:14:17.805499
a18b73c5-504e-4d64-b767-e8a1b5ac434b,173,Scotttown,31,2025-10-09 23:34:22.547897
49d27977-4023-4451-9341-640ef8bd1b1d,144,Joshuaport,34,2025-10-15 06:05:00.610291
8d73e130-9f4f-4fa1-8d4d-109b1fd34933,161,Wilsonhaven,38,2025-09-27 17:07:04.533003
25bcd730-8024-4c02-8057-ba5f0c0226b8,165,North William,19,2025-10-11 09:02:34.301774
0da1e6fb-6cde-49ae-9171-44d023dcee52,187,Richardsonmouth,25,2025-10-17 04:56:18.995106
1797c294-2ffc-431b-afd6-643c2cf7086b,188,Richardsonburgh,21,2025-10-07 22:36:53.903809
391fa3e5-ddf3-4735-a3fb-c7e862555200,114,New Isaac,24,2025-09-30 10:31:27.723417
b1d43075-76c9-47df-b182-0cf54ed28369,145,Matthewsfurt,21,2025-10-09 10:23:44.793697
ba2d142e-b63c-4cec-8f07-22e50a25f1df,136,West Carl,17,2025-10-07 12:40:49.709621
bcef70ad-55a4-4412-91ec-8ba067eba61c,186,Ramirezstad,33,2025-10-12 05:43:42.443464
d2608c12-2c99-4205-9eb9-1dd08f79d3de,106,Leeton,26,2025-09-20 00:27:48.671877
86c597c7-d6d3-4f03-b4a2-63c6756d32b7,128,West Kevin,32,2025-10-03 01:17:54.937943
e38d4399-5c2f-422d-9eb2-278a6313ce30,102,North Natalie,17,2025-09-23 10:53:59.666724
8b2ee2c2-d426-4f09-9c56-d393979d4a51,157,Laurieview,16,2025-09-26 17:53:07.460865
2530d364-5d70-42f6-b544-488349fddef2,115,East Sarahfort,21,2025-10-05 08:10:57.283543
c42567a6-df32-4075-9c4d-8713d76d4b28,143,Michaelshire,24,2025-09-28 23:42:59.159613
6e9f20c8-4ff1-41a1-b9f4-318ee1104459,168,Lake Adamborough,25,2025-09-28 15:05:47.032332
12350ada-9b92-4f17-aa9c-ae97b5343ff2,156,West Joshuaville,21,2025-10-14 12:34:09.266481
8c55716e-3317-43ee-89a3-41f91975e740,168,Lake William,32,2025-10-12 09:07:05.306982
ea71165f-8d53-4974-984b-18c288c34934,184,Herreraborough,16,2025-09-18 05:57:53.810733
238101fc-3ea4-4b40-b276-85e7823bc385,105,Annaborough,32,2025-10-14 09:29:38.757842
886c1e31-35b6-4651-9555-53cde60f29af,181,West Tiffanyfurt,36,2025-09-21 19:20:20.662330
224bd1eb-01c7-4740-9dd2-f4e06ef05910,174,North Rachelshire,32,2025-09-23 18:42:33.022216
052c6ce3-ebd4-4dfd-8017-f3fc24960fea,171,Lake Benjaminchester,30,2025-10-08 22:55:17.126941
d3a355bd-fe8e-4c30-a380-ff22170967ea,144,East Rachel,15,2025-10-07 19:17:41.897332
6a77419c-3fe3-462d-90c8-9394e476b7e1,132,North Leslie,39,2025-09-21 21:57:10.509146
8c16771f-90ce-4e37-91d7-c0aeb2c19bc8,199,Deckerchester,24,2025-10-13 13:10:21.643985
6993df61-6517-4c00-b6a0-f4b8f41ca7d5,162,New Josephtown,15,2025-09-20 14:29:18.903732
7a1d36a6-da8a-4cc7-947b-6499da6e77e6,155,Arroyohaven,39,2025-09-24 05:07:14.143173
06d1c166-2e95-4123-a577-64599b27dd29,107,West Mistychester,27,2025-09-18 21:48:41.426363
99140d50-6f7f-41d1-871a-3c6342e24e61,121,Taylortown,24,2025-09-18 08:44:50.017663
1701ae83-7480-46aa-abed-62e24eccff19,146,Stewartside,36,2025-10-04 04:26:55.227331
d5c142db-d171-430d-94bf-57bedfe2e161,166,Chavezmouth,37,2025-09-25 11:27:35.429856
2e4e4dc7-83b4-48c2-823a-12c88df4d62e,120,Allentown,31,2025-10-08 20:01:51.129703
d7bb5c5b-8e18-4ca4-9057-9da1e035fd2f,122,Bentonport,34,2025-10-12 06:12:39.603836
ad0924c6-24b7-4204-868a-ea8de2fb44f9,156,East David,20,2025-09-26 19:54:19.877230
73fa24dd-7f82-4a84-8e17-54c3fada95b9,146,East Leslieside,21,2025-09-23 09:57:03.156752
f877daf7-1342-4281-94d4-a709684d687c,199,New Maryfurt,30,2025-09-30 18:53:02.567364
ab6bd181-62ad-48db-805b-8b4f3b2fd4ab,151,West Christopherside,17,2025-09-26 21:05:48.552083
68f75470-316a-4dd8-a9b8-8086debcc8ea,105,South Hannahberg,19,2025-09-30 14:05:49.755311
ccbe2d12-3e6c-4ba6-9bc4-3e867e301ca0,176,South Sarah,36,2025-10-06 16:31:41.468601
abba7c85-ab89-4232-8299-a1a2b3e4a786,129,Theresaborough,24,2025-09-25 22:51:58.255610
0f6fca7c-8aa8-4c97-bf14-5b64e77d81f8,113,Christinashire,19,2025-09-27 08:54:43.149793
de5c5977-ebde-4d10-bd78-534b5b3986a0,115,South Manuel,37,2025-10-02 00:45:26.180476
ccd4d973-fb0c-4a55-9883-c3c533320659,123,West Laura,38,2025-10-14 14:53:03.333640
4dcca5a0-b4e8-4c02-886a-8ba0d1d930f2,186,South Tracyborough,17,2025-10-12 15:07:35.828144
2f0cb7e4-0532-49b2-a129-19ed115e04c7,170,Milesbury,31,2025-10-01 17:03:35.125962
76fe33e3-ca61-490e-9020-0db7b01fee47,106,Kevinside,38,2025-10-01 11:38:32.509149
c0da2f4a-1db7-41e1-977f-0453655d31cb,189,Port James,29,2025-10-14 05:01:25.897516
bcd7d70b-b4fe-4985-9696-c050bf3efc43,164,South Michaelmouth,36,2025-09-23 20:25:13.392804
d38f2bad-99d6-4297-bda0-6be9f55f5acf,125,Lake Jose,19,2025-10-08 13:21:06.113591
5cf0e79d-2e74-4a88-b550-75cf61a92cf6,116,Williambury,33,2025-10-02 20:30:42.260350
684110d0-a1d7-4d7a-8e34-1855d80f7529,190,South Melinda,38,2025-09-25 13:46:58.592100
64a5933b-bea7-4b23-848e-32098a18a627,191,New Aaronton,36,2025-10-13 12:56:15.110104
257a46e3-a506-4f90-8ee6-e2365fb3a6b8,196,East Carol,34,2025-09-20 10:26:56.553931
b3680dc4-daca-49fa-a534-26e2ff80f589,173,Danielmouth,34,2025-09-22 02:09:59.646074
658bec39-e55d-4818-8237-9ede6b5448d2,143,Rachelshire,16,2025-09-25 15:14:44.857932
e6f5a662-0505-4ce8-9146-bc6b0e5a6185,150,Kingburgh,37,2025-09-18 19:53:30.396609
6c6b2025-ffe5-4eba-b988-3663b9ae4999,173,Stricklandshire,39,2025-09-22 20:06:08.258836
af136e9b-3171-44cc-aebd-d145bad9a376,104,Port Cindy,35,2025-09-18 05:14:57.443420
46108a12-d440-4887-a958-7e64a9fe7880,140,New Veronicaside,16,2025-09-28 05:43:47.648950
b2a9870d-8d0b-41fa-9d23-8d3a3108eaa1,149,Jonesmouth,21,2025-09-21 23:21:39.933696
c931f1ac-4baf-425d-a01a-465ab4a0ca9d,164,East Nicholas,16,2025-10-06 01:01:33.357750
096dfee4-d39e-4ee9-b8cd-429871237ca0,196,Kendratown,16,2025-09-29 03:41:53.067104
2918812b-65ac-46b8-a23c-cb0df9a4014f,173,North John,17,2025-10-10 17:47:58.640793
3f8ba926-0aa2-43cb-b1ef-8663b6116739,108,Michaeltown,38,2025-09-22 22:58:04.048266
3b1a3758-b371-44c4-af65-603113a5577d,131,Hendricksmouth,38,2025-09-20 01:45:37.668402
20b06e8a-cc76-4bb8-aa8f-fdf0585e6104,149,North Janetstad,39,2025-10-10 05:02:27.384098
ca76a978-0f0c-4026-b4a2-2d48df3e2a35,163,West Eugeneburgh,28,2025-09-28 15:46:10.571244
1a633064-b489-4905-a46c-536a771b752f,120,Lake Carmenberg,22,2025-09-19 13:00:56.340286
9c9a938b-728c-481b-83d6-e692f6e5dce4,123,Williammouth,29,2025-10-13 04:21:14.979993
659eef6e-364a-49f9-91f8-d05fae43388c,151,Harrishaven,37,2025-10-13 10:54:51.652930
9efe2b63-47e3-4f4f-9c1d-709e874b1ae2,120,Williamview,38,2025-09-29 15:51:07.879148
e7ec41c0-d772-476b-bbb3-e7726cd95ce0,117,New Zachary,35,2025-10-12 05:40:17.815938
e9a1710a-df36-4e27-91eb-9e26c46ff421,137,Lake Jamesmouth,35,2025-10-10 00:09:47.965253
9668527b-3a7f-41a9-885e-844bd7ce651c,156,West Mariafort,16,2025-09-19 17:49:50.475193
41f27483-c7e5-4d08-8768-a2c6830c21a7,112,Lake Marthafurt,38,2025-10-10 18:47:41.889437
a6f675e9-471d-489a-b62e-c0a1ae451a60,151,Kennedybury,18,2025-09-29 14:56:07.486701
20293534-083b-40d8-bc0a-fdd79dcba4fe,124,Lake Kylebury,16,2025-09-19 11:56:09.984203
5cd66243-35f6-4415-b1a6-1bd47d88b76c,179,Curryside,26,2025-09-23 02:41:13.182219
84b8de05-1d32-4f54-b152-52894bcf44b5,148,South Bryanborough,26,2025-09-21 00:33:29.366619
7ad10ad9-c460-480e-864a-3e3af50a824f,152,Lake Michaeltown,39,2025-10-03 13:35:38.256946
978a6ceb-2725-405f-bfd0-e60a78ce4e39,110,Carmenville,21,2025-09-17 19:30:38.114127
66c4ae5e-229f-415e-8ad4-5b6167797f98,196,Lake Toddburgh,36,2025-09-24 16:49:01.958830
9f1e4b26-10ac-492d-a685-1a3bafb9faa3,141,Nielsenview,26,2025-10-06 17:14:35.144375
caf3eab5-6e50-487a-b380-9c17903a8877,174,New Anthonyside,17,2025-09-26 23:16:54.640584
5e30cb55-13d9-4a85-96c9-c54a2c50223a,135,Snyderville,24,2025-10-02 06:31:12.981142
1e2293ea-60d1-444e-bc4e-f3bed268fb11,180,Trevormouth,31,2025-10-15 14:00:18.162575
dce56cf8-7782-4660-a7ae-9aebf9f241e7,193,Heidiport,33,2025-09-21 09:27:36.379514
e4f2241b-04f6-4777-ba81-2cb3b3b369a2,177,Johnsonchester,28,2025-09-28 02:45:54.577916
36c2c9ad-3a5a-474d-9cf2-24566187a714,114,Williamsfort,38,2025-09-18 22:28:26.665403
dfe2390a-61d6-4e38-b3a2-81446b9b5691,132,Allenton,25,2025-10-03 00:24:58.474724
9c73fcdc-e9fa-42f6-9792-7c693ac628eb,179,North Lisa,20,2025-10-08 05:59:11.470944
dd597c5c-ec97-4217-bfe0-ee871b7106a1,146,Jimeneztown,28,2025-10-06 23:02:25.648892
41511fff-a31f-4f22-90e1-31150abc409a,172,Port Jefferyshire,19,2025-10-08 22:00:11.146808
8aa2a64f-875f-4e73-ac36-faaf414868eb,101,New Sean,29,2025-09-27 10:20:32.556110
b32ff61c-ebca-43b7-ab58-499a84bcc552,186,Lake Kimberlyfort,26,2025-10-05 11:17:37.396612
746afbff-33f2-4612-a942-bad6fed621ab,125,Port Danielhaven,37,2025-10-08 03:09:22.837735
fdf9716d-c9c7-4d82-9c1e-966239b2220f,158,North Michelle,20,2025-10-12 04:12:11.263953
8898f878-963a-441b-ac9b-4827ee08082f,165,Austintown,30,2025-10-13 17:37:34.235664
9140711a-b7c3-4dc8-bed2-9c606fe348a8,107,Ericaberg,36,2025-09-20 10:55:18.931424
f64a9468-22d2-42d6-989c-e5e1dd50e93f,115,Woodbury,16,2025-09-20 12:00:00.922668
3e0c9e24-d81d-41d1-9c63-bf4a88e905b9,112,Williamsburgh,18,2025-09-24 20:44:57.356779
20ce0d1c-6b32-4b3d-9a70-2edecec8e4c2,155,Sotohaven,39,2025-10-16 11:01:05.886035
c1175408-7624-4974-aa5c-201d4302c221,157,East James,30,2025-10-07 07:00:14.120283
d490a031-e793-46b2-a43b-418a1c181978,157,New Lindahaven,23,2025-09-19 20:12:18.515570
7bc70b48-8151-44ea-a470-fb3c0bed4f13,148,Mitchellville,31,2025-10-14 18:26:41.446104
db9e141f-37de-4754-94ca-8b6060104895,112,Robinsonfort,19,2025-10-16 13:53:56.268309
e71d1140-53fd-4a42-8421-c9c67784757b,138,North Tinaside,16,2025-10-08 15:51:45.529370
e17a84fd-a56d-426c-9932-199cc6c129f4,198,South Philipfort,37,2025-09-18 07:07:43.956960
9af86aab-34e5-4002-857e-7231bec995a6,120,Lake Angelaberg,25,2025-10-11 15:10:52.306526
2d2d0525-4950-495b-a0e2-9e15c3d143c2,178,Scottfort,19,2025-09-18 18:39:09.184773
e96d6396-9796-4b2e-874d-3e3210882528,167,New Heather,25,2025-09-21 20:34:52.529111
c5a79f29-a7be-4d24-bfac-d1fd5ccabeeb,185,Walkerstad,24,2025-10-06 03:11:34.917594
6f940fa4-d51b-453c-8fab-370e78540b41,142,Watsonland,21,2025-09-29 06:49:46.723186
f05dbe62-35d9-4f5a-9d60-ef640dab43da,181,Marshallfort,36,2025-09-23 20:34:04.821812
150c6ee1-6582-4d92-ac03-a7c614fe629d,162,Kennedyside,19,2025-09-19 03:05:44.220948
378191d7-ed6a-4789-9236-e3df909e1dfd,180,East Nicholas,19,2025-10-03 17:08:45.899933
1fdb2ffa-50c8-4c39-a596-d7d0a68efd49,154,Connorview,16,2025-10-08 04:40:42.863996
6ad277ed-b8c5-4821-b4ba-6a22808468d2,118,Joannburgh,38,2025-10-11 05:22:49.439249
5a541bff-d7a4-4aaf-9ffc-85b0c75daa97,146,Silvafort,31,2025-10-06 01:52:23.609189
10e57121-6c9e-4434-a1ea-d36af0743475,161,West Emily,26,2025-09-29 03:20:50.510121
67ac06bf-ad48-4f60-9e59-cc5467e7b8ac,135,North Nicholas,25,2025-09-22 11:24:51.890534
c5dc8aaa-b466-452d-9ac8-30803ad0589e,171,Clarkland,18,2025-09-24 07:29:27.288421
31281d69-32ed-43a7-83ca-0e4a96f84b13,127,Port Marcusstad,24,2025-09-20 15:15:56.455201
b71239b1-d894-4d63-bcc7-0e86aeb36f21,120,West Amyhaven,36,2025-09-23 20:22:26.004078
de5fbefd-e2d2-4040-a0b7-90895d03f21a,102,North Erikachester,22,2025-10-03 00:26:11.477341
2effffb2-8421-4c2f-9e99-568bc5478cc8,142,Port Georgemouth,28,2025-09-20 03:22:02.506600
f6b818af-5083-455b-9390-bdd5eb7f0120,103,New Vanessa,29,2025-10-15 11:37:05.794415
7448b173-e4f6-46f9-9b8e-f3213d4e17c0,134,Lorifort,20,2025-09-19 02:06:19.159790
d2d1c054-d17f-4e43-b2cc-b2433ec04da5,101,Maryview,24,2025-10-02 15:35:30.550504
0395ff63-6726-46c3-86d9-79305c27178f,130,Alexistown,35,2025-10-13 05:00:55.495050
e316f0e2-2ae6-453e-b702-215f706c9188,159,Reyesbury,19,2025-10-13 23:23:03.612568
e6175b4b-92a4-41f4-827c-7f7444db5d83,169,Kyleton,19,2025-09-17 21:33:49.011409
4faf645d-a62e-4be8-bbc9-df532fd2bc66,176,Shermanmouth,34,2025-10-03 20:31:12.908084
891ae4f7-5234-4fea-ae58-179c0f8bbe9e,120,Lake Yolanda,15,2025-09-20 20:05:11.612963
8b32fd33-3a05-400b-bcb0-a3f0b1f4a57a,133,Port Lauren,24,2025-09-29 02:19:12.584079
6ae3860b-d8c8-4198-8894-1f3d8d3f2291,152,Dianafurt,26,2025-09-20 00:59:23.914337
d212c5fd-4b82-429b-9b4d-6b636f3daf06,136,Russellburgh,25,2025-10-01 03:51:33.917046
54fa6f09-ae02-454d-8096-7132efc124d6,158,Jessicaville,31,2025-09-18 10:29:10.630987
8b94b4bc-f301-455f-b1fa-11b2d1dd4ac6,189,Lake Brandonville,28,2025-10-09 19:45:17.779855
e48658d6-62d1-4151-a1c0-52703e6ffe13,101,Jasonmouth,24,2025-10-07 05:27:24.922881
2630c5ab-1e8c-4638-85a6-e0edbc05f332,164,South Danielle,39,2025-09-21 20:34:18.620228
00dd40da-9b6b-4cb9-a0c6-4ececbd0146e,197,West Carlos,26,2025-09-22 18:20:29.854628
af234486-1610-4bf2-88f5-e2ab4545b182,182,Burgessfurt,16,2025-10-09 05:57:36.949720
a1c5544e-d5d7-497b-8bf5-a5d0d7c8ebf2,159,Davidberg,28,2025-10-08 23:48:03.454146
9f0ce9b0-9e99-4238-8681-2a272ac517c7,130,West Eileen,23,2025-09-29 21:43:18.895859
2915020f-a677-4900-99c2-2881b4170e5d,170,South Denise,39,2025-10-10 13:31:38.214397
9d9e520f-e920-44fa-8320-a228f8d46a1c,128,North Willie,15,2025-09-19 19:23:11.533583
40815cea-20d4-421e-b16a-53af3a625abc,175,Jenkinsfort,32,2025-09-24 16:55:21.311144
20c0a863-730c-433c-a54f-125245d79916,136,West Johnmouth,32,2025-10-14 02:09:20.744089
d4e13df5-6b93-48bc-aa94-f926c16d5e3a,188,Johnsonbury,35,2025-09-19 01:38:02.969074
e2fb08ea-edec-4c4a-bb98-d0773f117ce2,158,Port Elizabethtown,33,2025-10-16 05:58:39.222319
6000cf8c-d83b-4713-b0f5-2597945c16cd,197,South Megan,28,2025-09-20 16:05:35.186830
a8cca683-5b70-4742-9e57-b541c319e9fa,144,Kevinberg,39,2025-10-08 00:59:41.497343
7c6f9a31-fe83-446b-b8ee-6ee89dbbaf7a,194,North Brett,30,2025-09-26 03:14:21.516049
d1f58f6f-54e6-4c80-b8f8-fd113f00b477,128,Martinport,19,2025-10-16 20:44:02.759622
ae7191c7-486c-4ee9-87cf-a3807b3c00b0,179,Karenfurt,32,2025-09-20 13:01:32.892990
e158aa60-8a59-44bb-abc7-4136e4122b6a,194,North Christopherchester,36,2025-10-15 00:07:54.572991
90053340-3c59-4483-8c27-495edc8efa45,106,West Deannafurt,16,2025-09-24 16:10:28.570364
5ee70c10-3f2d-4e09-a4fe-9fb374e490c4,152,North Jillmouth,19,2025-09-23 01:54:19.239516
a7213e40-8d56-4555-a08a-e280412d62a1,150,Port Monica,18,2025-10-03 19:54:45.853114
0151cf3f-ac70-4911-b4ee-6a653ab550b7,168,Greenmouth,19,2025-10-14 16:18:13.024469
fb8fbb99-8577-45e3-8b63-2f56cccfc2c2,184,Jeffland,26,2025-10-01 21:14:19.468949
477356e2-c8ce-409b-9e21-d88a5281303d,130,West Davidport,25,2025-10-06 20:20:18.750449
a7c146be-c768-45a3-8cb7-bf40f0c5c6a8,195,Longshire,31,2025-09-17 23:31:06.906085
9a902bec-a09e-48e8-9805-2f1e7e02c6ce,184,East Alexandra,19,2025-09-19 17:43:09.109485
8226f447-2e6a-49a1-ab02-256c7a2e316d,107,Castillobury,25,2025-09-29 15:46:42.597573
064a4151-b8a8-44bd-adeb-5a69af277edd,172,Lopezchester,19,2025-10-05 09:39:38.724522
f8778949-cc8b-4a98-88e6-aac78b47f513,147,Port Paultown,29,2025-10-07 05:30:44.217947
6f42934d-acc3-41ac-a825-1e2a4d1a2c63,139,Port Jameston,25,2025-09-30 09:00:14.036588
2da8f971-99e1-4fe9-b805-baf977199a5c,103,Andersonton,39,2025-09-22 10:16:39.409366
cbb4bcad-ec20-4a14-a12a-c79cf23604c6,180,Nicholasmouth,17,2025-10-05 22:58:11.788254
76715fc2-07a7-4f16-9b4a-b8758a43af6f,121,Rhodesside,23,2025-09-26 22:00:27.935104
70d70b69-af36-4adc-90f1-de31e21f4391,180,Morganchester,26,2025-09-26 18:36:20.774817
000c0805-75ef-45e4-a5bf-a9e45c4e2347,167,Richardmouth,27,2025-10-15 08:47:29.424974
3b4c7e16-ef94-4c04-95fe-c1a116185735,170,Lake Lindabury,34,2025-09-27 01:09:25.567237
3b8f4c09-2f53-4c28-8f86-1bc8732d8483,168,New Candicemouth,34,2025-10-12 04:43:15.702519
4c2a9496-2f74-4e2c-a036-7bd32d9120b4,111,Brownbury,32,2025-10-04 07:04:34.744774
9d7f9ca2-9280-49e6-9bd9-2b07c7f75788,164,New Jamesville,18,2025-09-28 03:52:23.606308
0ddee516-813f-44a0-a30b-32b0e637acdc,164,Crawfordberg,19,2025-09-26 21:50:57.357843
0dc78b0c-1b52-4472-817a-4c07f474655b,178,North Michael,18,2025-09-21 17:29:59.423145
c32e7fb7-bb4d-4b0f-9f82-ac9cbb4f98b8,195,West Richardfort,26,2025-09-29 21:35:02.360277
df4f7482-e257-47bc-9d11-81e5c1a48882,170,North Teresa,25,2025-10-06 01:15:24.752774
d6f8e43a-8624-48c3-a0a5-9df09fe1f968,148,Jeffreymouth,29,2025-09-19 15:45:12.749689
b12af380-e09a-4025-a717-7e502ecaa6b9,154,South Lindsay,34,2025-10-16 02:21:28.409818
afa5d446-6db7-4a08-945e-43cf07560b30,177,New Ericbury,15,2025-09-21 20:48:46.119272
2891670a-d031-44b1-a01e-f86c0cfe5c43,139,Port Danielshire,31,2025-09-27 07:04:27.869614
4d91c64f-c9c2-4ae8-a5b1-45cde77a797a,171,Nicholsburgh,19,2025-10-02 13:11:07.956742
ad5700a8-7803-4042-8b56-c4563826e0a6,159,Jeremytown,30,2025-09-24 18:33:21.277458
7c39fc41-12a0-4459-b377-713a3c8f8e53,117,North Victoria,26,2025-09-25 15:30:12.023456
1ccb7774-e360-459d-a635-9cb28e99ad16,159,Barnesfort,21,2025-09-19 18:56:22.670514
4014fca6-a73a-4b6e-b262-1f32f99138f6,174,West Mariaborough,39,2025-09-23 00:19:22.332844
c50e004c-4201-436e-9870-385d0c1f042f,106,New John,30,2025-09-18 19:41:38.661101
32d5dfa8-124a-4fc1-9b52-2017a8dd8056,152,West Virginia,35,2025-10-14 09:53:20.241825
48e90024-2a8d-4090-8c95-550d514b42cf,165,Perkinsport,31,2025-09-30 09:03:58.087384
ab483955-f285-44d0-b9e9-e47821b68884,109,Victoriaside,25,2025-10-04 03:06:53.965711
93e32703-58de-4536-9e7b-2779f105264d,194,North Davidland,34,2025-09-17 15:13:57.216763
2a6ac730-e5de-4068-9ab3-6a49a79e5665,104,Michaelfort,21,2025-10-01 09:11:03.206269
48fdd435-2726-4b0c-8d0e-dc7609677ef6,163,Williamborough,37,2025-10-08 15:17:16.626443
07dd1e9f-4707-4561-b4ee-d267d932fa58,128,Jennachester,18,2025-10-02 18:02:58.071161
fcc1927f-6c1a-4527-a1c5-2c05ef098c15,135,Angelamouth,23,2025-09-22 16:28:17.166935
e12481eb-0506-4145-a72d-e9b47336c963,116,Stewartberg,18,2025-10-10 23:39:50.754124
cfc9267a-499a-4fa3-84d2-395d5112a218,195,New Kellyshire,35,2025-10-16 03:35:57.667412
06a7f167-4f17-4dbe-8dee-d0f0f1513a5c,185,North Calvinland,17,2025-10-08 22:49:57.169880
a3fe285a-7369-4bb0-b8f2-3781d65193f8,180,Moralesside,30,2025-09-18 10:35:51.026002
075f6cd7-6471-46fd-9b2a-decd11e2b2e4,128,New Anthonychester,18,2025-10-11 15:10:03.626425
bc104cc8-1be1-4c92-b12d-d9e364af0113,128,Bennettton,36,2025-09-25 16:16:32.342340
dba3db1a-9bd3-42dd-b55a-462547190c36,119,Lorishire,18,2025-09-17 19:52:48.947672
c1cab608-bd31-4d79-b124-d5cb76df4553,101,North John,39,2025-10-14 05:58:58.241225
c93a098b-247c-4105-9f54-90481ac9c92c,174,Rogersborough,28,2025-09-20 08:40:15.692431
574e9c47-0fb6-4815-97a5-61aacd3d6679,106,Riverstown,33,2025-09-26 14:47:04.587431
0a3ac395-9593-4416-bb5b-18ca2a08bac5,141,Deanport,15,2025-09-25 23:54:50.285086
95535e67-8f20-4860-ba45-9bb6fa8c474f,159,South Angela,16,2025-10-15 03:52:37.542215
f89b52e4-e79f-48ba-b236-5bbf13200722,156,North Debbieport,38,2025-10-01 18:19:20.343955
95aa2161-e41c-4951-98e0-8b05c81b6697,164,Martinezberg,18,2025-09-22 19:33:14.551394
ac40a99d-5f82-4380-ab34-61cc61049698,118,Wilsonshire,31,2025-10-06 13:16:55.056697
9e7a4618-5a8b-48a7-822d-03dcdce59115,192,East Cameron,37,2025-10-15 14:57:49.421137
2283f8d7-a8ec-45f2-9757-074330db77d7,182,Lake Gregoryton,16,2025-09-22 18:38:24.845923
95bf0c42-6cf2-4c02-96c8-ba5367127a01,139,Johnfort,29,2025-09-27 23:46:58.114432
140a90a9-d482-41f8-a297-13df9b24733e,166,New Erinhaven,16,2025-09-18 23:00:18.901207
afc88ff7-7f58-44a1-bf1c-83f8c804cfb4,165,North Sara,38,2025-09-19 01:03:21.948740
1ee02386-773b-4a00-850a-b9a77c2ff639,174,Lake Richard,36,2025-09-28 00:28:16.467072
5716f78e-74c8-4360-b032-7cf7702de18c,150,South Rebeccaton,22,2025-10-09 07:37:25.707071
bfeec3bf-80ef-4907-ada8-ec0e88f38d08,133,Lake Kathryn,38,2025-10-06 23:55:57.466803
7dee2225-336c-42be-934b-6a47e1d6696a,152,Lopezfurt,36,2025-10-10 07:57:28.804517
7fff3516-8389-49ca-9945-ea037d2e79ac,180,Richside,15,2025-10-04 19:17:14.432586
395cb0f1-029a-426b-8455-df0d89f7171f,151,Jacobsonton,17,2025-10-15 05:44:58.058552
fadb44fa-fe00-45d8-9369-d2986be9d13c,187,Cruzfurt,34,2025-10-17 00:49:26.452371
cfe9bced-67e8-4999-8b5e-944925c189d8,160,South Marisabury,26,2025-09-25 07:53:23.583751
0218363b-3b61-41cc-a1af-c526d62ccaea,190,Lake Theresaton,37,2025-10-05 23:25:17.572639
66a527ab-278a-40ef-a369-c15d9f51f74d,105,Alisonville,17,2025-10-16 08:24:35.072104
6d27dbe6-6963-48ee-98b6-9c3fa95f558f,178,Prestonmouth,18,2025-09-22 19:11:20.815367
b8eb2c9b-60a8-4cf8-9ee0-e6cab4cf8829,172,North Michael,28,2025-09-24 15:38:16.333934
532ef6ba-fa80-41da-9fe5-76b1b2711d51,124,West Loriberg,22,2025-09-21 21:18:51.044108
7898fe52-3455-4c94-9453-e1726f1341ef,138,Melindaton,15,2025-09-27 15:16:59.539188
9100db92-8a21-4f80-847e-2a0f36a61299,153,Jeffersonfurt,26,2025-10-15 16:28:23.105881
6ad94028-5c24-4023-bee2-4fbca411df98,190,Myersfurt,32,2025-10-09 10:39:49.168466
46770997-18b5-48d0-bbe4-c23ce609d2f4,171,Perrymouth,19,2025-09-22 08:47:18.445317
e1fa8372-42d5-45ff-8f9b-535d53ef17f8,134,West Lawrence,29,2025-10-13 19:11:24.805058
338ebe38-c909-4f19-965b-5c68820cd34d,160,Danielsview,24,2025-10-02 03:04:06.714819
cf7c7fa1-1888-41c9-b4b6-aba333f42bb4,165,Hallport,38,2025-09-22 06:09:46.078001
9279971c-6365-426b-a1f3-a7bbb5983bd1,130,East Kim,36,2025-10-15 18:04:39.502213
0fa93d31-5acc-4c69-8572-a6da15eb109d,102,Darrenfort,17,2025-09-24 21:53:19.506515
aa5a373b-a31a-4dc1-ad94-c05a89a60ad3,104,New Mariaport,16,2025-10-14 20:15:28.348149
c14bb92e-1649-4ea7-a442-cc64c39f04cc,130,Krausebury,18,2025-10-08 14:51:42.018009
8d5a504e-d5b4-4aea-b22f-e829033dc8f6,118,New John,20,2025-09-23 22:18:52.844206
ad11ba88-0cf5-4c2b-8be8-074edbf3cd50,164,Allenland,31,2025-09-29 18:50:12.784612
9a71c9a8-c62c-411d-8fa4-e424842a68ca,196,Marktown,30,2025-10-07 05:24:31.720631
ab220fc4-179f-4da3-bf46-0900562525b0,108,Herrerastad,27,2025-10-16 08:15:37.188842
5c3a1549-18cc-4df0-b0ae-de30cfc86c99,142,Farrelltown,16,2025-09-28 10:58:42.444173
9a22df08-3022-4bc5-99b0-43befe3e0fac,133,Dianamouth,34,2025-10-12 20:56:15.210501
237abafe-4fb3-4113-9106-86c365b36087,181,Dylanland,23,2025-09-27 17:14:08.298100
508022be-a3b3-4612-ab58-974d9c88b148,117,Richardfurt,37,2025-10-02 18:11:21.625538
1c08b6e0-e8fd-4597-bd08-2c0bfd51510b,184,Port Susan,24,2025-09-30 02:24:17.771199
cde950c7-24f7-4401-bfd3-d3151ee1cc6e,167,South Regina,29,2025-09-26 14:54:40.896767
c27b98dd-0856-4050-8e2b-2ba02abdb374,196,Mirandahaven,29,2025-09-21 08:32:49.979846
42d8d5b0-0838-4081-8c9a-78baf53e250c,138,Judithport,30,2025-10-12 03:35:33.480396
c973145e-3603-4756-988d-e57381428e1e,106,East Emilystad,18,2025-09-22 21:03:27.732015
a71ef512-43db-4a4a-a007-bec9ce20933e,108,South Christy,34,2025-09-24 01:23:12.417289
09a88cbf-42bf-4215-bd0e-a3beaf8860c3,173,Port Haley,37,2025-10-15 03:10:28.306459
dfb94af8-ddf4-48e3-8a39-578191de1c94,126,Robertchester,19,2025-09-28 19:41:03.711518
51294aa5-99f0-4dfd-8297-d9575d137616,140,Nunezside,34,2025-10-16 04:38:26.476384
3969d064-7d31-49f0-8a8f-a99cbf08d789,132,South Brianland,32,2025-09-21 18:43:23.928506
4db6584b-0ce4-4763-8125-0a46180d73c6,138,Jasonstad,33,2025-10-07 20:27:28.499377
70468a70-b3f0-4346-97da-9b64aa11d721,191,South Wesleyside,19,2025-10-07 17:51:06.906305
6721934f-af95-4337-a600-bdf6d2067789,154,Lake Julieville,26,2025-09-29 14:24:33.323670
1e150cff-fef5-4913-96ee-03c253df9192,154,Mahoneystad,26,2025-09-18 16:16:37.954000
405812bd-2a62-49ff-9b0f-d34451ddb894,180,Stephenberg,17,2025-10-05 18:12:39.438077
28655358-38f5-4703-9c26-317d0b5335e2,136,Lake Kylehaven,28,2025-10-03 11:35:45.477968
92f2b7dd-29d2-40c1-a18c-8581b0d79a86,159,Port Gregory,27,2025-10-07 15:54:53.093727
c65a0d8e-f06e-41ba-9a79-2b1294fa99ae,108,Lorihaven,38,2025-10-02 09:21:45.327940
6feb8c1d-e0be-48ee-b44c-adc8bbcc454f,158,Lake Eric,24,2025-09-18 22:21:17.131719
7df0d4fe-56f5-45b1-803a-29a8b888c0d6,171,Thomaschester,19,2025-10-11 12:15:35.007463
3418fbc0-64f8-44e6-8f7e-50525b82d750,149,Mortonborough,33,2025-09-22 02:04:36.944746
6ef9e4b7-0617-4288-b501-b72181799014,170,Clarkeview,36,2025-09-27 07:28:26.117895
8a300a92-43dc-419d-b809-95dc00260e3b,176,Cookside,31,2025-10-16 08:29:57.094866
38c390d0-fe46-443d-9c0e-ee6fd0d9bd80,142,Teresaberg,31,2025-10-14 01:41:06.822338
d07032e2-f61e-4659-b591-7ffd24b46ac4,110,Colemanton,26,2025-09-21 12:18:45.895256
3be15476-e233-45bc-ab59-3abca11cecf8,181,New Josephburgh,22,2025-10-02 21:34:31.465523
b8ad0123-ecda-4077-9019-06ee42382efe,102,Jeremyside,16,2025-10-07 06:22:01.875609
89acbfd2-60c4-4f7b-88bd-c31d95030978,154,Charlesside,23,2025-09-22 01:12:48.853400
1caea91a-a8fd-4393-b70f-bb32bf5040f1,121,Lake Erica,36,2025-09-19 11:14:15.026168
eba832b1-9424-4842-bb96-9ba6f0b80230,114,Port Taylorside,18,2025-10-02 09:48:48.554843
da47e426-bcb5-401e-91c5-4872f48ed5ba,131,Amandachester,30,2025-10-06 17:30:30.677817
c0ef7473-613c-4566-b6c9-29923bc43208,152,West Rebekah,24,2025-09-19 12:34:55.268826
db050a9c-4b56-4276-8ba6-210b7ab730fa,176,Lake Stevenville,22,2025-09-19 19:46:13.411153
cc461010-b668-4491-b598-c09fd4bd0c1e,169,Heatherville,24,2025-10-14 01:34:05.672000
8020dac8-1764-4148-b7d7-98448d8a848e,149,Jacksonview,18,2025-09-25 18:52:40.909821
821c8679-5eea-4b8c-9194-79fe44012edb,124,Oliverfurt,36,2025-10-06 23:06:58.497386
c2429484-7518-47b3-8b29-a3f39fd0ec3f,119,South Monica,38,2025-09-27 07:03:05.067883
94d9b0a3-5cbf-4405-95bf-2316eee1d5bf,151,Port Carlos,25,2025-10-03 03:57:15.981714
24dbd451-1e4a-45e5-b376-c310b80c593c,173,Lake Jeffrey,15,2025-10-07 07:17:53.523284
95d9339d-150b-44f0-a941-509a6b9ea9a8,125,Burtonport,23,2025-09-19 09:34:35.830636
e6db02d8-5465-4639-983a-d2d443f9dd9d,137,South Danny,28,2025-10-05 10:49:27.957192
d61d0e50-fa62-4c53-957a-c92b42443221,123,West Christopherside,37,2025-09-19 08:54:55.799968
492a4df6-7e2a-4333-ac66-31d5ea5edda9,189,Port Gary,30,2025-09-26 20:09:13.003180
46b790b7-371b-4a0e-832b-7f6f43891432,127,New Shelley,32,2025-09-18 03:25:51.745190
0d57d875-8b54-49f2-b749-99f816e09a41,166,Tracyborough,21,2025-10-13 08:31:55.888802
aae8fdaa-be4f-4cb1-8465-017f593ff4ee,190,East Paulside,15,2025-09-22 04:37:32.977928
c6490822-3ac0-402e-9371-2d2d7e75d7bd,149,Davidview,23,2025-10-01 10:53:49.701727
fcf7c3a0-9d59-4a39-98a1-ab60b819e4b5,161,New Margaretshire,20,2025-09-20 15:32:54.607750
f584b5be-671d-46b0-9ac9-c4b98759e81f,114,South Juanmouth,27,2025-09-19 13:40:25.448531
5f959e7e-d474-4a06-bf0d-adaeab975400,193,East Misty,17,2025-09-21 15:54:03.209865
ed852f40-d7a9-473f-9068-d4405121ba53,183,West Julie,27,2025-09-30 21:37:46.067652
2d4c56fd-aaf5-4111-8209-497847a5785f,145,Lake Johnport,36,2025-09-27 18:28:18.368279
39951ec6-211a-4fa6-87cd-5fe238670987,197,Hernandeztown,26,2025-09-29 21:04:14.137943
0df4237f-d3ce-4887-9f42-66724745967d,114,East Michelle,21,2025-10-13 19:02:17.328047
6cbb4f69-594c-4e87-8928-292f9c19502f,100,West Ianhaven,34,2025-09-28 23:08:15.595814
23797e93-08a9-4ce4-982b-0a4281038247,154,Port Shawnborough,32,2025-10-05 18:26:57.053883
4493c216-ce3f-40b1-9130-b956277afe15,121,Shanehaven,26,2025-10-11 06:00:39.899832
9f988d03-05ac-42a2-bc4f-a27afbb9f3e7,100,South Wendychester,35,2025-09-29 17:38:51.160743
c1607e13-4642-4cfb-b7fc-c31e48874223,108,Sarahshire,16,2025-09-18 15:40:39.894072
a69a321b-2d74-40f4-91d1-c29a234169be,157,Port Vincent,27,2025-09-19 14:27:47.776407
2c08ec89-cc0e-4569-8565-66fa07302cc6,185,New Donna,27,2025-10-15 01:32:05.553993
05bdf036-70ab-40ed-a831-7dcb0a6056fa,142,Kimberlymouth,39,2025-10-17 05:12:07.305533
5eaf6d58-1e85-446f-ac62-1c12375b700e,111,West Erin,21,2025-10-13 19:36:48.418183
f8115b62-1f89-4a1f-a783-8024a4f233e4,121,Port Johnathanstad,36,2025-10-02 10:18:35.267988
85702aa9-dec2-49b9-a6e9-715dff7ad8ba,184,Lake Christinastad,26,2025-09-20 06:35:26.474816
9620e868-4263-4cae-8591-a2cc8e6059f6,150,New Kellyside,16,2025-09-18 08:12:56.521647
9dbd632a-e409-4dcf-a47b-5ddae5df2ae4,165,East Vanessamouth,27,2025-09-24 08:33:59.247525
82c65efb-fb25-4c49-b49b-9286f165c3f3,130,North Stephanie,25,2025-10-16 22:23:53.587224
860ba55e-cefc-4506-90c9-f2a54678f208,169,Riveraburgh,38,2025-10-05 17:16:15.997444
5da25c7c-4afd-4821-b24c-ba04eed4b01b,118,Michaelside,32,2025-09-22 21:47:05.247446
2fe4f57b-b249-4fd8-92d4-f975e15e7362,140,North Kimstad,38,2025-09-23 15:03:33.160525
a0747292-37a9-4857-b374-cc6fb6687a3e,122,Lake Ashleyborough,20,2025-09-30 08:28:02.965011
b8a06cb1-beb9-435e-bc9d-828801781c83,165,East Christopher,33,2025-10-07 03:05:04.223233
1a648438-c1cf-4c40-b2f9-8575f9392c20,135,South Angelica,23,2025-10-11 23:57:52.589302
cc5c3721-ecc7-4b32-b000-9e78c9b009a1,171,West Connie,27,2025-10-04 06:54:41.473458
30604cd2-24a3-4254-96d7-3029ad2b7d0c,145,North Sarah,22,2025-10-10 21:13:56.024949
c17b281f-f06e-4ff2-b34e-d8368de4e249,128,Jenningshaven,23,2025-09-23 18:06:24.454481
61aed3f0-8bab-478e-93fa-87eac2d7c721,153,East Angela,21,2025-10-04 06:50:39.206453
864057e1-bf91-494c-81b0-e6071ef09dc4,128,New Justinfurt,24,2025-09-24 21:51:44.520646
db62007b-b84d-4528-8539-6d5fb5ff3853,152,Lopezview,32,2025-10-13 19:06:59.168437
436662c2-b5b8-4408-b3a8-3f39248c033f,135,West Noahborough,20,2025-09-24 04:55:16.201617
7ac170b4-a031-4df7-bf19-73321059581d,100,West Patriciashire,35,2025-09-27 15:03:33.906005
a1e2aec3-0d69-4686-9ff0-d647a9354f25,181,Port Dalestad,17,2025-09-24 17:07:07.456581
3285cfd7-7005-43ca-a7e2-b62657317976,194,Lake Nicholas,36,2025-09-26 01:47:53.060479
84f3279b-c1a1-4542-8f84-381242062504,171,South Darlene,33,2025-10-08 15:33:41.313373
960a8e47-6707-4f48-92de-f2549505737f,197,Port Ashleyfort,22,2025-09-30 09:41:47.836377
ae818b4c-498c-4717-9ccf-717d1a219727,148,Ashleestad,31,2025-09-30 05:39:20.884401
d275f2ac-2dbb-48d4-8e5f-21c3079b09d8,174,Smithland,22,2025-09-28 17:16:09.870198
bb812154-70eb-4a71-b5ec-37da66d58f3c,125,Danielburgh,20,2025-10-16 09:53:16.275561
19d920d8-751d-4876-89ff-d2690fa86b1a,185,Toddside,33,2025-10-07 22:50:00.767004
6b701585-be8f-4ac5-a17a-1e25f6e98bf3,138,Port Kimberlyfort,17,2025-10-02 16:13:04.065714
b31c047b-1aef-4da1-8663-927ee4e8c012,154,Danielborough,20,2025-10-10 15:35:08.313972
6a4cd1b6-af64-4ae3-886c-d150ac24b8d6,167,Stricklandville,33,2025-09-19 21:15:26.974882
49ab8908-1e1d-4b3e-82c2-0e057e96a253,127,Port Elizabeth,34,2025-09-22 12:13:16.816099
1f8cea95-31d5-4c1a-bd05-83b22b6f6c02,114,Vanessabury,29,2025-10-01 05:33:56.986431
d5f891aa-293b-406c-8597-c97fc70b55ca,140,Vickichester,27,2025-10-17 14:24:49.376895
1f5096e7-af7b-4a22-a5a2-0a5961b84387,174,Port Barry,37,2025-10-05 10:27:56.133245
324f11c0-e2f8-4e58-b343-d3becbcd0c85,114,Adamsfurt,24,2025-09-21 11:43:08.282626
066c1c00-3c58-4905-acc3-e1fd084dee84,140,Thomashaven,36,2025-10-06 07:56:19.334213
5abba775-d329-4f49-a509-0e7b16bcfb3a,130,Anthonybury,15,2025-10-10 03:44:44.813043
efee5ed0-e299-40a1-b637-8d71973871a3,150,Martinbury,35,2025-09-17 14:40:26.826063
6c9ab3f6-a295-4133-9586-de8b2d2da991,196,Vincentborough,15,2025-09-18 06:33:19.098280
8b40c776-e5c4-41dd-b6a1-d977de4c4690,105,Burnsfort,21,2025-09-26 22:14:14.694568
47e9f103-6b26-470b-8e3c-5ac9f7aba3fe,112,New Hollyfurt,23,2025-09-25 15:13:51.330488
59e33d5e-9fbb-4f86-981a-fa4866d4b95a,184,Christopherside,24,2025-09-20 11:36:40.440171
4c74945c-464c-4aea-a83f-cb62aecb80ba,164,Georgefort,34,2025-10-16 08:32:17.537559
3b292c6c-7ef1-4063-92db-ea8fe1326abf,149,Wareshire,33,2025-10-15 06:19:58.691786
ed77cea8-d517-4e88-bb7f-48af06135204,105,South Davidfurt,15,2025-09-25 10:55:23.497165
0bd35290-16b1-4ddc-a44d-06507a566f33,109,West Jeffreyshire,16,2025-09-19 21:28:51.435171
32cb7cee-21cc-4599-8a82-b3d4bf14b69e,194,Mooreburgh,34,2025-10-07 15:38:05.799493
fa661d1b-6f5f-42f4-bcf5-459b0a014a54,107,New Maryfurt,34,2025-09-21 06:41:17.030035
38f37740-dc35-494c-86ed-7a3fb6b94a4e,112,Wallerland,37,2025-10-06 21:09:52.428610
1ee2e335-e42b-43fe-adeb-9b10f4ca7da8,127,Phamberg,36,2025-10-15 18:13:50.058144
53a34244-92e3-446f-8c18-54d99147708d,160,Port Alyssa,17,2025-10-16 07:03:24.400254
c2ea4bd1-b16e-4bb6-a4d4-b3b1c9c1f4e6,111,New Jamesland,20,2025-09-20 11:18:10.429427
159d67d6-18d7-4f08-aea5-69105bb14b93,183,Heiditown,34,2025-09-20 09:32:43.413329
14999230-620a-4f29-ad23-16c899809493,141,Jaredland,35,2025-09-18 00:35:38.673776
541192dd-1d6c-4950-a846-638e601339fd,119,Taylorborough,24,2025-10-09 20:38:18.166642
deed66b8-c8ed-4f0b-8001-477356ad06b7,195,South Kayla,31,2025-09-20 20:30:58.541455
bf35a739-2151-4e74-aa34-97dba861e04c,178,Thompsonmouth,21,2025-10-05 15:58:55.859554
3bf661da-69a5-4cf0-9440-4af3c5a3f8a2,168,Jacobhaven,27,2025-09-23 10:42:22.126568
50331377-6aa0-4729-a56f-077dc605ccd9,145,Cynthiatown,33,2025-10-10 10:39:10.761431
6dd4cc6a-a985-4b9b-8c63-5c46df37ca7d,135,Cynthialand,30,2025-09-18 05:21:47.004820
f432ba41-9677-4499-902e-5932fdd6d652,176,Dianamouth,29,2025-10-11 17:03:03.245189
58fcf0ae-7b0b-41cd-919f-eacd8f4318ee,121,Eddieville,35,2025-10-03 22:07:10.502547
8de7aa2b-d8ca-4cc4-96d1-c85ff8f395c9,108,South Anthonystad,29,2025-09-26 23:39:35.721380
e12ab9ad-3349-4b0c-97e1-7d6da2043235,166,New Kimberlymouth,35,2025-10-10 19:14:46.610886
231963fd-184f-4eb1-a9ea-41aed8918da5,174,Stephaniemouth,26,2025-09-23 03:40:28.991857
efe046b8-2626-4712-aab0-f4d98c7b0172,154,Susanland,31,2025-10-10 20:14:50.288740
09d91bf2-c99a-4c32-9f48-ee90263d8a1b,172,East Dawn,25,2025-09-29 12:18:21.684705
5635c90d-1c5c-4798-91d5-bcf9f04607b2,174,Sandraport,21,2025-09-26 00:17:47.704461
5e95af0d-89d6-4f5e-bede-3801db82571c,136,Port Jenniferhaven,36,2025-09-28 15:22:51.040981
ef44fa33-0be4-455f-8190-e91ef647bc55,154,Stephenshaven,21,2025-09-19 09:34:06.710582
415d553d-cffa-443c-b0e6-7cb21669de5f,128,West Codyville,33,2025-09-26 10:48:36.482375
8d5bfb32-364c-4d3e-ad6d-f4ec3914acc9,105,East David,38,2025-10-11 13:52:38.733077
2131fb97-b789-4be0-b0df-212dbfcc499b,193,Port Alex,18,2025-10-08 01:01:50.580615
7c3f052d-a89e-450d-84d6-a6edc88a7ea8,108,New Dianaberg,35,2025-09-25 17:32:43.657538
646a4554-8fc8-43cb-96bd-f9ec680b285c,137,Lake Karen,34,2025-10-12 18:19:12.739761
c16d43b4-8728-47aa-82f6-24fc332562ad,197,West Travisfurt,24,2025-09-27 08:25:51.757972
d241319d-b9d4-4a29-9d2b-6a138681aa50,144,New Bradport,31,2025-10-08 09:28:40.446703
06334a02-e384-43e2-897b-d01a9145af40,132,West Becky,35,2025-10-07 10:24:07.053142
4906893f-2ad6-4439-b88c-7ef22c797027,117,Nguyenberg,26,2025-09-22 00:16:48.163048
18a80c30-5e37-403e-8e07-d635949fec10,193,East Dawnshire,28,2025-10-12 13:09:31.102957
61613487-349d-4fda-8d4b-5480f2a3c616,104,East Leahtown,27,2025-10-16 20:39:05.844123
76bd4324-ea1b-4167-8e86-7e24bee3a2db,168,North Andrewhaven,25,2025-09-22 19:44:00.139832
e116a3fc-a673-40d8-a829-bf126d993b76,110,Hendersonbury,26,2025-10-04 00:25:12.797453
1ee15c5b-1ded-421d-95ff-dcaf1219c645,107,South Tina,38,2025-10-15 12:53:07.676489
5b008040-6f95-4001-90ab-ef34a4229a8e,199,Hensleyberg,34,2025-10-13 22:36:05.758212
7f53b360-8ffe-456d-b317-d99aa1c9c4fc,193,North Joseph,16,2025-10-17 08:07:10.075358
98bce1aa-c339-4c90-b0fa-3f70133da971,139,Careyfort,24,2025-10-09 01:40:55.706843
09edc759-17f6-4506-b6f8-5a8e9cae7969,163,Greerport,37,2025-10-10 03:12:14.749477
926ee917-dd86-4331-a1b0-3ae3f47525ff,189,North Jerry,33,2025-10-02 09:46:00.924033
0af6c205-29d1-4046-b5a4-5c191408856e,147,Port Jennifer,26,2025-09-28 03:19:11.689567
40ac5f52-c231-4221-ace6-cddb6dc0e48a,108,Kathleenfurt,29,2025-10-14 06:39:43.885007
392942a3-7e02-44f0-a6bb-1b0dc5c017c9,144,East Jenna,33,2025-10-05 10:36:54.636729
67208a4c-4d21-40f9-a27f-ecb8f7fe1abd,154,Patelview,34,2025-10-17 01:39:02.610658
1ae347ef-b116-4d72-9fe1-b7bab4453b75,110,East Andrew,37,2025-10-06 23:27:22.367571
3d560ed7-56e1-4fe9-b114-00923bb88f93,179,South Jenna,39,2025-09-25 05:20:20.918858
79d193a6-8439-4a28-a9b2-8b569aabaf91,105,Austinborough,34,2025-09-27 02:56:45.984852
ac4cf5d9-c8c6-4446-9e21-d25e31582629,148,New Stephanie,27,2025-09-27 15:06:25.860552
a2394bac-0327-4dc3-a9fd-f0202744c91b,124,West Brandiville,36,2025-09-23 13:10:28.630522
5357637b-fc6d-4be6-9254-d218f87144ac,129,West Michelle,20,2025-10-08 18:11:51.921333
365733a5-bbe3-4eea-8460-39e4b25183d0,119,North Brandonberg,33,2025-09-30 13:50:24.717261
ffde3a21-3b76-4f4c-bf9c-8ae1f3a3f1e2,134,Fisherville,33,2025-10-12 07:06:16.507302
169beee8-7497-4ec7-ab9b-0653c56d12dd,139,Lambertburgh,26,2025-10-14 20:25:21.532544
2072f606-584d-4eda-8267-53cd8390eb3b,116,North Jessicastad,19,2025-09-27 16:11:22.572333
78be84f2-c233-4a75-b188-ab6cee071bad,197,Colemouth,39,2025-10-13 17:30:27.767118
d06137c1-4e85-4341-999d-f9c76e776b85,140,Johnsonborough,22,2025-09-19 05:10:11.354772
93d370c2-a315-4a58-b2f2-68de8643d3d5,127,North Leah,22,2025-10-14 02:12:09.527111
3bf2b9ed-a25b-4166-8988-2fcff3916e8d,115,Port Marvin,27,2025-10-15 18:16:18.868906
6abd3bce-65d8-405e-b211-ebb5a2b58087,168,North David,24,2025-09-30 09:24:09.045563
24f0ab05-dd57-4524-aa1f-8bb822ddbc57,127,Lake Amandafort,38,2025-09-29 16:42:24.645020
261484a3-16d6-496c-96f0-b23d7dd51096,100,North Christopher,27,2025-10-12 13:04:07.349217
122745c2-6a3d-406c-84e5-f1ad276c1328,101,East Kellyshire,22,2025-09-26 22:45:58.360250
2fb101e9-746d-45a5-b0f8-3a9c985cf351,193,North Leahborough,27,2025-09-18 19:31:24.110079
8facfef6-d9b9-4445-881b-dc3d9e8bdead,191,Lake Robertmouth,30,2025-10-14 00:42:02.899082
4f9eec2c-f457-446b-8c10-05fd4b410e6d,144,Jeffreyville,32,2025-09-21 05:25:00.236293
dfcdeb65-13e4-4b3b-8b30-12f6c1514427,161,Lake Marcus,35,2025-10-10 13:31:12.129658
48ec5ca9-6cef-4b8b-9527-5924dfda0028,190,Yangfort,20,2025-10-06 01:19:41.070214
72da008d-5e92-42ad-a969-f662c73ed9b6,115,North Nicholas,26,2025-10-13 20:17:26.047600
61782dbd-5e4d-4b02-ace5-f3d47ea662bf,139,Amyfurt,16,2025-09-27 22:16:08.710113
9d0096aa-ffe6-48fc-ad0f-ad2e0714791b,125,West Jessicaville,37,2025-10-13 18:59:41.496033
4ce33799-c261-461d-af1f-4b00b7fd9ec4,166,Crystalbury,22,2025-09-22 12:15:17.763716
dc144c48-38a9-4fc5-8e70-3e1a2943c143,121,West Johnchester,28,2025-10-06 21:32:33.305947
99b13891-2185-410b-b077-c620197f6829,115,Kathrynstad,16,2025-10-02 07:15:16.780416
7b2b7f82-b594-45e8-9859-4046bf7a15fa,134,Port Johnchester,38,2025-10-13 00:59:57.834664
4cfb6c0b-e25b-4e68-b807-374e4cebe368,155,South Ann,26,2025-10-11 15:19:46.088881
9542d903-4eac-4aec-81a5-4b4036a85965,102,Hamptonview,35,2025-09-30 00:26:07.128927
fdc4a7c7-1dfc-4b2f-927a-af48cdd86cea,164,Stephaniefort,28,2025-09-26 16:39:40.841469
0f7d6d1f-78e1-4cda-92cf-4eccfd151492,159,Port Brian,21,2025-09-23 10:03:12.630038
4cf8cf6a-4d28-493e-a8e3-8f4cfaf1d3b0,111,Russellland,36,2025-09-19 17:01:44.455186
36572855-c0f4-403e-8720-ee1c1664af88,193,Port Johnberg,19,2025-09-22 01:47:23.343862
3c791be4-da08-4056-a61a-c8bcdf4f04e9,148,Rodriguezton,33,2025-10-04 07:59:59.213109
4d056b2a-d939-46be-ac0a-f3d003dfaaa2,159,Larsonfort,33,2025-10-13 11:30:49.480196
90f4f107-7b00-4969-b1df-685197eca05a,109,South Donaldtown,21,2025-09-21 03:28:51.813918
7897c1e0-eded-4c84-819e-15e25cc87ea6,111,Amandaside,30,2025-10-06 01:40:33.166822
86a1dcce-9a7b-4f0a-bff1-71b579e1f792,188,West Kellytown,19,2025-10-02 17:23:37.289053
b4d00cce-c097-4c46-a850-06b54575ab39,131,Port Kyleborough,28,2025-09-20 00:06:27.619293
a8797a65-8a53-4caa-a53a-3e340cb648a8,141,West Dawnview,37,2025-09-20 07:15:40.006681
f2c6fc50-11a1-4b91-b5ed-ddb75cf6d376,172,East Arthur,33,2025-09-30 04:07:01.565347
55844d06-4458-4353-b281-b17d8e7548e1,160,South Jason,31,2025-09-23 21:51:13.459518
27b8c759-29c8-4600-a8bc-53edab95a1c4,189,West Williamshire,19,2025-09-20 21:14:54.555797
560b57f1-6275-4fcb-a5a6-f28c0b20e6dd,195,Mcdanielchester,15,2025-09-30 21:51:20.473394
c5be59b8-aa24-4a81-8747-e12930b8d3e2,198,Jonathonhaven,36,2025-10-01 00:49:15.188809
d3000f0b-32e2-4fa1-99ad-259d4ecae5a8,190,New Ryantown,37,2025-09-28 06:08:29.751560
85752dec-954d-46c1-aff9-139f13c9f321,120,Katelynberg,26,2025-09-21 06:26:16.039860
cc40e9da-07bb-463c-9f03-7c124c27eb3b,182,West Amber,37,2025-10-03 15:43:19.121629
d289ae39-1735-47f3-86cb-df8b0d72c273,164,Jonathonport,18,2025-10-04 23:47:04.631526
aa3cb8dd-eaa1-47f3-9bdc-1cd58ab6f2a3,143,Danielland,30,2025-10-07 11:41:53.330166
4baef2d8-9cc4-4eb6-b688-749760fc82ed,135,South Adamfurt,38,2025-09-30 10:41:16.268229
cb5e1afc-91b9-4418-842c-62e0edf9dcde,160,Sharonhaven,37,2025-09-24 11:12:48.096363
394824d7-cd7b-437c-b5da-217c533610b2,199,Johnsonside,27,2025-09-25 01:17:59.097530
3cbc91b2-a726-450d-8030-4e2613791055,194,East Sandy,37,2025-10-08 05:05:20.822308
4ab8f6dd-bc50-42b9-921f-3fb4e0fc0597,199,Jonesmouth,35,2025-09-27 06:27:45.937863
2ab3c722-f4c7-4cec-bd5f-2224a195656c,195,Meganside,37,2025-09-20 01:59:52.012048
714487d6-6532-4fc8-a805-f079172a77ce,197,New Johnport,30,2025-10-04 16:05:55.098060
37134446-51cf-411c-a9a4-68c73e427d08,121,Brittanyside,25,2025-10-07 11:24:41.987632
6a7064d0-183c-47ae-8c1b-7d97cabaa968,158,Bobbymouth,29,2025-10-05 00:34:54.728618
df544099-8901-4bdf-bb7f-dd97199ce289,170,Wheelerborough,30,2025-10-05 08:30:28.310059
87ff30dd-f6c1-4b37-ad80-845e97362c5f,117,South Jasonchester,19,2025-10-06 14:14:22.150753
b1d50bb9-5975-494c-b1fd-37de6a559c79,183,North Stephanie,17,2025-09-19 09:48:24.934398
ec3ce9f8-c9a6-48b6-a46f-d5a52d651032,133,West Sheritown,22,2025-09-21 06:43:14.353663
53c70b38-0eef-4b50-bab2-21ae367cf629,172,North Dawnville,39,2025-10-08 16:40:31.785810
827502d2-dbd4-4ffb-b2de-14a8975c1466,189,Boydberg,23,2025-09-17 21:45:49.134780
561796c0-e192-484e-851b-c451c7fb6c8f,101,New Stephenchester,34,2025-09-20 18:53:29.843148
e0e91545-283b-485b-92ea-c10f307c0528,199,Port Emilyfort,15,2025-10-15 05:40:39.723936
5d249986-6e54-476e-947c-3befcc81d947,136,Port Rebecca,33,2025-10-06 03:04:27.886489
de5c9d79-8f88-46eb-b714-57f92fabe2aa,112,Andersonville,26,2025-10-03 12:15:02.786436
8b87a3f0-e6ee-4239-ab1b-a8fb513ed4c8,115,West Kayla,28,2025-10-02 14:01:24.025668
eb72c09c-db14-4160-8bbe-ce2bfeda7457,181,East Melanie,33,2025-10-10 02:51:19.640209
b6dee95a-cc8c-4dd1-966f-3d1f95202682,114,Nathanielshire,30,2025-09-23 09:59:19.177825
b9f58e69-1288-4da6-a147-89572a3b7f88,124,East Debra,38,2025-09-24 20:09:02.652485
e65d2300-2b5d-4ecc-a0ac-cb11b630be1f,177,East Jonathonfurt,29,2025-09-19 08:43:25.202902
b21c7487-8907-4ec3-8487-24c32558044f,107,Silvaport,15,2025-09-28 18:07:20.157005
1dca5e9e-6fc4-46db-a282-bf909392278e,109,North Grace,19,2025-10-07 07:14:38.867890
523059d9-9257-4f7c-a213-2d5131483ac1,164,New Tammyhaven,39,2025-09-26 06:03:43.028860
f58ad668-c3d2-4747-a504-adb2d32a9381,105,Morrisonberg,18,2025-10-15 13:03:26.648919
3305ce66-8e28-47db-9132-3fea60be95ac,128,Benjamintown,28,2025-10-01 10:20:30.991707
275c14a9-07a8-4607-9bb1-9614c3dd2762,197,Lopezside,29,2025-10-04 14:47:29.270481
94cd9fc9-b4a4-4e01-895d-8214ea5b3e59,160,East Heidi,35,2025-09-23 07:30:43.843117
e1850922-fdd6-47b4-a10f-5558b3be4b17,159,North Gary,39,2025-10-10 18:21:38.968907
95b95845-544c-4754-8923-eaf4292e1fe7,160,Wheelerberg,35,2025-10-08 01:57:43.605956
780b4b55-0ddc-4dac-bb43-4be6df9574d0,140,Steeleburgh,33,2025-09-25 22:14:51.355536
4a861ab9-2615-4418-91d6-a70df4168cd9,135,Sandrastad,30,2025-09-26 18:36:06.439170
a290affe-10b9-4366-ab26-2a913e0c4e7a,145,South Tonyamouth,22,2025-10-12 12:38:59.986906
3f491c3f-dc01-4c5c-ade8-b26c75a386cb,151,Douglasborough,30,2025-09-23 07:46:43.223751
bf1b766d-92e0-4d6b-8e90-14cb2d97cf89,160,Jonesstad,26,2025-09-27 20:08:51.817778
0dac4658-10a5-4c0b-95c0-63b8a905e54d,105,Stephensonview,39,2025-10-07 05:43:55.379654
af5be244-8f50-4ac6-8ca3-16e5466303d5,162,Mckeehaven,39,2025-10-12 02:59:10.334687
0e1e9906-b6d2-45d2-a3e9-37a647b35456,164,Hansenfort,29,2025-10-05 02:34:53.807984
9e2aaee9-614d-453c-b061-f95768ece5a0,155,East Todd,17,2025-09-26 21:53:51.829062
2c2c3b19-5ed2-467f-b013-9cc02f01aaae,189,Cooperhaven,18,2025-10-01 22:35:35.504730
17e39340-de22-46c3-b556-033182bad039,182,Sellersshire,17,2025-09-21 19:50:26.092043
9f2befd6-6bdc-4c63-a798-d76d08ff2a76,102,West Carol,30,2025-09-23 07:34:25.744149
027b2505-ee2d-41a3-8f1a-c767bdcb2946,156,South Tracey,26,2025-10-02 20:56:55.343952
01327647-3907-48f6-9421-4091973a2a25,108,Watsonland,23,2025-10-10 08:35:55.367196
6563861e-7f31-4f64-982c-3b1b302357c2,166,East Andrea,32,2025-10-11 23:06:08.168180
39a549c7-9775-4b0a-8b20-aee36d2cb423,136,South Julieland,37,2025-10-03 08:03:44.049103
e4b7ea00-504e-44ee-976d-cd79e749b1ee,123,Thomasfort,32,2025-10-02 13:27:51.507581
e650927c-4136-4c39-ab3c-d0fbedab0f28,112,East Bonnieport,22,2025-10-14 19:08:13.839570
8628b34f-d8fd-4609-862e-fb558944c9d8,161,Lake Phillipmouth,15,2025-10-14 01:15:55.030311
bc42fe82-ddff-46e3-8a44-77b41b63e514,182,Lake Kimberlyburgh,34,2025-09-28 01:39:10.183753
3bd6bd9b-60fd-4d5f-a314-359049e2b39c,141,West Melinda,36,2025-09-18 21:14:33.929858
e9ccf3b7-ac8d-4761-b55e-ac1ec0c4a5cd,167,Port Tammy,15,2025-09-20 03:13:20.538838
bd720241-b28d-406f-8e64-b4b244e82616,157,North Deborahfort,38,2025-10-01 17:06:39.305020
f1673285-7411-46d6-ba33-4a93261446cb,175,South Theodore,21,2025-10-11 17:58:19.037060
e350fb03-12ea-4cb0-adb4-f930a47de357,145,Allenview,22,2025-10-13 07:15:55.119941
b6c4e96e-dec9-4967-a909-23b756450f6c,187,Diazland,22,2025-10-07 18:45:46.329047
ec6694a9-1c81-42aa-8779-4dcdf4ed3a65,186,East Mark,22,2025-10-08 13:45:02.375099
44fc0e03-8ead-458a-939a-d33c50045e15,123,Tiffanyberg,39,2025-10-03 08:24:55.869509
7ada1350-84df-4c05-a0f7-3cd4440426c8,122,East Kathyview,36,2025-10-14 02:05:40.318838
44217c4a-3662-4b06-ad93-fac4edd8d6b1,113,Haysfort,34,2025-10-03 04:08:37.111586
04bf7caa-c92c-4a25-84d9-20d8e1742b91,194,Gainesville,36,2025-10-01 15:13:35.183235
3aa8c9d7-d80e-42aa-b5ce-0c4206f0fdfe,162,Brucehaven,20,2025-10-11 09:01:37.245640
062fed90-c24c-429f-99a2-e617e25d31ea,199,Nathanhaven,37,2025-09-27 16:44:40.252056
bd70e050-5891-4f81-ba27-c70bdc715167,134,Travischester,38,2025-09-30 16:53:26.108800
c599d04a-1503-46ae-95fa-5dcf8adceda7,124,New Meghanberg,16,2025-10-06 14:51:06.398315
a1777fce-9c92-41a2-bf5f-a7bf35928fc4,167,Marcusland,29,2025-10-05 19:36:23.003911
d26d5e5d-0a7c-4663-a09a-70bde59c4062,121,Alisonside,26,2025-10-09 05:11:53.802124
e69bdf23-b40e-47fb-b75b-62b5afa847ef,186,Woodschester,20,2025-10-02 15:25:11.628307
8b46add7-3eeb-43b4-a9c6-df09deb5e6b7,166,Pattonbury,31,2025-09-19 14:41:25.598569
08467010-093e-4a96-8c7f-37a5eecdfe41,117,New Anna,29,2025-09-29 09:30:45.761931
a34f7829-8f2b-493e-8696-6116b989b731,160,Turnerstad,23,2025-10-11 13:52:51.803490
12f2e5fe-93f6-45da-ba94-8c1994d05246,176,Davidport,16,2025-09-19 13:19:45.038325
64445c86-28fa-4b67-8640-bf53897b047b,107,West Brian,16,2025-09-26 18:42:23.927971
b9b4aafd-2543-442b-9de1-b44b8bd7a98b,143,Lake Briana,37,2025-09-19 20:58:14.041722
a818ee04-4d26-4edd-9610-30bec6a7027f,177,Mendozaside,38,2025-09-27 13:27:00.106880
1ce26758-c60e-4f56-ad27-f90ea9385d9d,125,New Mistyshire,35,2025-10-10 02:28:49.645128
2ac7128a-1cd8-49f4-975e-df1a7d244be2,100,Meganland,15,2025-10-06 07:11:36.702695
49fd7eec-d2dc-4a03-bd6f-7c50ee757746,131,Morriston,30,2025-09-18 04:00:54.565131
c3e4d42c-55f8-4561-a49f-d656ae9c2a15,157,Christopherhaven,36,2025-09-29 11:33:04.339516
c20894dc-2b43-44ec-80c8-adf62dd93b43,162,East Maurice,22,2025-09-25 01:30:50.290162
e83479dc-5fce-4360-b507-04827fe425b8,150,Bushport,20,2025-09-20 02:20:43.386521
e1b2c007-d1c1-4668-9de4-0f17441e8903,111,East Ralphbury,26,2025-09-29 08:16:22.282002
f15b662b-3a07-4598-bd0e-6785cdff5f6c,164,West Veronicaview,18,2025-10-09 22:13:52.356679
1639c8d3-2366-4171-aba6-0a9d88a924e4,192,South Krystal,33,2025-10-03 10:49:12.965555
459d9910-bae8-451e-a47e-1ddd8c968646,103,East Teresa,15,2025-09-29 18:12:12.676708
7ff05b58-6c6b-42a3-aafa-cf9624a5274f,178,Ingramport,19,2025-09-29 10:07:16.566716
5d6a477f-d52e-4a5e-90dd-6df19c1e066d,152,Katelynton,37,2025-09-26 07:08:33.102930
76526990-e56c-4bac-9066-8c608ce27986,191,Moralesport,26,2025-09-18 21:14:14.884054
115cbd04-63d4-4736-9581-a32f4d64a3ca,103,Port Timothy,33,2025-09-28 20:46:15.714052
85ae6a19-d1c2-4765-ae73-953daa8f80ee,127,North Ana,35,2025-10-15 15:50:20.312025
0b0ada59-2587-432c-81bf-3de7bf082dfd,178,Heathershire,17,2025-10-12 11:26:24.558761
674dd321-a53c-4404-9aa9-4bae7d95ae32,126,Kirkborough,33,2025-09-28 21:25:01.386969
fad6c494-9f14-4b30-838b-9eecb8383b0a,114,Robertsview,33,2025-10-13 15:04:45.510124
c3050802-a57f-4d19-a955-573200eef422,137,West Kennethport,39,2025-10-02 05:20:41.829294
804ef290-7c8f-4b64-be2b-0910ab31422d,171,New Loriberg,29,2025-09-26 10:25:33.714513
ff46b451-8163-40ab-8667-f42fae6940e7,171,North Jessetown,39,2025-10-11 19:33:51.224489
8bdfab39-9cd5-4f53-95e4-be70e3b50aea,135,Austinview,16,2025-10-16 23:14:18.208633
c756a7f3-027a-47ca-9ffa-9e037e956537,136,New Alvintown,32,2025-10-11 14:40:31.790164
7473741d-efdd-4e42-9282-339adb61aaff,162,West Alex,19,2025-09-23 07:48:45.788860
b64b5a4b-ebd9-4194-8811-d8b5a670af82,170,Jenniferfurt,34,2025-09-30 18:41:59.962761
ec600fe6-c840-434e-9c05-1e5ea86474a8,172,Wilsonburgh,18,2025-09-24 21:16:57.527085
2376cfd8-f6ed-4dfd-9728-0bcbf8d54634,132,East Marymouth,27,2025-09-24 22:05:57.891621
80f364bd-c76e-4903-abf3-aed9c456574b,193,Greenside,38,2025-09-27 05:53:12.706244
9efcb045-bcb9-4ba3-9cf7-871405a4194a,151,Kentchester,26,2025-10-02 22:42:53.457498
fae076f4-be93-4279-b1e7-44a5c64b11de,124,East Shane,30,2025-10-01 19:02:15.752776
a4ab47df-0de2-45cd-ac97-947ad60bce79,173,Sharonfurt,38,2025-10-10 04:57:35.147098
1419b283-0369-4a25-a97c-ad20dc1d3e16,105,Williamshire,31,2025-10-02 13:49:12.955829
2d28ef33-cd18-4dae-bb81-0c6443b5484e,171,Port Olivia,15,2025-10-10 10:19:47.983435
4d6b406e-1fae-4cd2-90ea-a08426d6cd52,172,East Leahhaven,33,2025-10-02 05:21:16.644772
17b465f1-10f7-4cb6-9b1d-c9e795f31541,110,New Victoria,30,2025-10-02 16:23:25.315255
22c7c6ab-82ca-4a8b-afb8-4cde2ee4f870,199,New Tiffanyborough,20,2025-10-15 23:39:24.265078
60986432-b8db-4c29-80ac-fbfb307da2ca,183,South Thomaston,26,2025-10-13 06:30:47.322290
b3766bf6-4b1f-4512-ae7a-a629464df72b,161,North Maryville,29,2025-09-22 09:18:11.339663
5bdee1c8-8219-4b15-8f2b-5a82d800714c,179,Justinhaven,19,2025-09-24 20:40:21.772878
2eab7d28-05ee-47c9-9955-1a21a23626e1,198,East John,24,2025-09-24 23:24:09.116652
741d38d0-9006-418e-b7a1-3a7393e7400b,163,West Gerald,27,2025-09-18 20:26:43.523958
58a98d32-bf31-4080-baa2-b4dd04b98183,103,Reyeshaven,19,2025-10-02 17:07:49.406847
31228ac9-49f5-4449-9300-227226f6791f,155,Port Amberport,26,2025-10-10 08:50:35.171946
308f0667-022a-46e1-9a21-b59609444c9a,144,Riveraville,25,2025-10-04 14:45:42.255055
896e8ebc-5847-47fb-af69-e9a8619d0365,145,Woodsview,31,2025-09-26 07:47:51.528498
1a5b3ab2-90a7-450e-afbb-180b326feda5,104,Krystalmouth,28,2025-09-29 17:03:11.253403
159e8a22-260b-48c4-a926-b55d3863fc2f,114,New Darrellburgh,27,2025-10-04 09:54:52.700969
19b7c96f-987e-44fa-8377-a15216aaefa9,164,Josephland,37,2025-10-14 22:16:58.331258
a2691c28-0d4a-488f-9ca8-59b8ff9c290a,145,Markshire,31,2025-10-16 23:01:17.708720
b0add61f-5950-47fe-87eb-fcf8e704e3d4,116,Port Erin,25,2025-10-01 12:50:01.711621
5a2374bc-f8ea-4fb1-9c8a-e29995794e37,143,North Jeanborough,29,2025-10-02 12:45:28.183368
cc517989-3223-463a-95b1-c3f539e41c9b,186,Port Jessica,31,2025-10-12 06:36:55.707367
85b40b42-8c86-4f20-9985-547002073cf6,171,West Erika,16,2025-09-30 08:26:50.056856
9ae9f394-9bf6-49bf-8739-8e59d8bc9726,194,Julietown,34,2025-10-13 17:03:34.973606
a21f8f25-b6d1-41cd-8cca-29950d1d46fb,122,West Lisa,19,2025-09-21 17:43:21.541148
075dd1b4-e061-4749-b2ce-1abb4793f8c8,165,North Jamesland,32,2025-09-26 17:31:54.301198
a883cfad-cd15-427a-b0ad-b4b4d5df23e3,190,East John,22,2025-10-10 06:54:35.034208
89f95abc-f4ad-4922-ac48-dea0be4bc0c9,137,Lake Stephaniestad,26,2025-09-27 19:10:04.495354
52f1e6aa-626f-43af-9c79-e320fecb10e6,180,North Michele,18,2025-10-04 18:42:45.958769
467b6842-a49a-4c8a-9ca2-72996e9c603e,138,Port Antonio,22,2025-09-22 05:38:05.336794
90acc8a3-9ee7-4ae3-a45b-af208d8cf24c,146,Lake Marytown,16,2025-09-23 00:52:13.606954
eec6a427-941f-422a-8418-231127807937,156,West James,30,2025-10-14 04:13:51.802889
c21925e9-8b4b-457b-835e-0b5fc34c27df,116,Lauraside,23,2025-09-23 14:14:42.602632
86fa464e-c5e6-4886-9660-846b09288a41,168,Anthonyside,36,2025-10-11 21:21:30.086426
b2ac82ca-a5b5-4a48-9e73-bd6820b7af98,136,Sandyview,26,2025-10-13 11:41:28.562018
0a7aac19-325e-4ab1-a261-5a8ecf9a0908,128,Monroebury,36,2025-10-13 05:46:17.442044
0b658282-4adc-41eb-a2d8-6d28675623c3,102,West Kathrynfort,32,2025-09-25 06:04:20.274926
70cba30e-ecea-49ce-ab48-9196fe916680,108,Justinfurt,17,2025-10-09 09:32:18.754956
7fdfea8e-e692-43a2-bf1f-fd4726a07811,158,Millsberg,34,2025-10-14 05:15:30.301511
ef9526de-6f6e-4005-b3a1-6d4a8807c835,126,Port Kaitlyn,15,2025-10-07 15:05:42.758975
434a2649-0831-48c1-85a1-84e27b349c4f,172,Cassiebury,34,2025-09-18 00:30:37.567469
0cc6e29f-1a5d-4220-91fc-3f1ba8f6c50e,175,Port Mark,24,2025-10-10 07:06:26.847122
938be17c-f708-45ef-9ac6-d17e23835b7c,126,Rodriguezside,33,2025-10-04 21:04:03.167705
ce27e8ab-076e-46cb-9157-f494b45d84b1,111,South Stephanie,16,2025-10-04 22:46:07.937864
f69acdce-ded0-45f8-b3f8-d01c5315714f,132,Murraybury,18,2025-10-05 10:53:24.262573
0a7b8ab7-1baf-4aaf-8574-32c119694112,182,Danielborough,25,2025-10-15 11:43:45.005698
ea2bf516-d9f6-416c-9fc3-e9f0bb374715,144,New Deborahmouth,39,2025-10-17 05:56:05.227322
d5a9ddd9-c8ef-4a37-857d-1209c83e4adf,170,Juanborough,19,2025-10-13 10:34:23.871185
b0227830-3a39-497f-b060-02906343e880,116,Lake Andrew,32,2025-10-05 06:06:10.793304
74e65b7a-8b5f-46cc-9416-b96fe6aa9e8e,142,Douglasbury,18,2025-10-01 17:12:00.265708
48191494-96d7-4a24-885a-ca23e14cad31,166,Jeremyfurt,25,2025-10-03 03:32:30.835325
c4e8caec-18bf-4ffd-ade6-a19d80db8d97,103,North Rickyberg,39,2025-09-27 03:01:54.161381
1c84f888-9e58-4360-8d7f-216623fe045b,113,Liuside,30,2025-09-25 12:56:37.050242
8068a64e-b062-449e-87e8-cbefb7407dc0,198,Lake Jenniferburgh,15,2025-09-22 19:41:48.874216
dab72aeb-c10e-4082-aa91-500a1191525c,186,New Michaelmouth,31,2025-10-11 20:04:16.223446
8469be7b-2123-41bb-860c-8c96b403c850,133,Randallhaven,38,2025-10-08 21:17:50.881729
e457622a-8c7c-4df0-82a3-b3806ce0cfa3,174,North Kerristad,26,2025-09-30 05:51:13.978754
9b4402bb-6dc0-4324-86da-08662eb34b8b,122,Melissaview,23,2025-10-16 11:14:17.240331
7d00e1f6-c60a-4649-b861-0822d7f22325,176,East Laurieburgh,36,2025-10-14 19:35:10.314787
262fbb12-c512-4396-910b-129a0f1224b7,125,Murphychester,36,2025-09-30 23:01:01.333512
c9505e09-a107-497e-ba8a-401e2e76b9cc,111,Khanbury,32,2025-09-30 06:50:07.551835
b242197e-3dc3-4d3c-973d-d20b2a106eaf,183,Holtborough,20,2025-09-30 04:06:05.575934
157c46e7-7ce4-4ddf-ba68-63f22e281bd7,105,East Brianna,31,2025-09-26 02:36:37.459728
1460d8b8-f5d5-4c7b-8c97-9e5ab82a37bf,193,Frostmouth,34,2025-09-30 00:13:15.665838
e12950a0-ba9d-4ef4-8cf2-866e1b86e1d2,136,Nataliefurt,34,2025-10-15 13:06:15.661443
1a5f77a5-a37b-4359-b97e-7c499e01c3a6,166,Careyshire,23,2025-09-23 14:09:42.254726
eede73a1-2ccf-48f7-9f69-816f3a2f271a,181,Hooverport,35,2025-10-10 05:07:29.487846
9d3159d5-df95-4e74-9f78-73cfa83c05e0,162,Millerport,31,2025-10-02 23:10:35.599020
ab0e62fd-8d32-4b4a-9b7b-55d73cc239db,189,Kimberlytown,35,2025-10-11 22:59:07.614605
9b8b3257-670b-45d4-af5b-688e4143cef6,198,Michellechester,30,2025-10-05 09:25:43.830401
5dbe9f48-1cea-4524-bd42-3e7d2ef02ab7,117,West Jessicaport,22,2025-09-22 03:26:30.449833
e5e4e78d-ae6d-412e-bb29-a929a2df2987,171,Olsonville,26,2025-10-10 16:53:56.075268
46637e6e-f7a8-458f-b350-6f2ada8f7fc1,169,West Eric,33,2025-09-19 11:15:25.879582
cb351f7a-6092-4d00-862b-54a1101dace6,157,Port Jeffreymouth,25,2025-09-29 04:57:01.400153
59095e6a-fc4a-4a7d-8944-4412d25fe86a,124,North Brandon,34,2025-09-24 21:58:42.829293
b1a86ea2-5042-494f-84e2-e99d1f6e13c5,121,New Jennifer,34,2025-09-20 09:41:42.083958
400deb32-7f80-49ac-af23-6d2d4b3d567b,179,Petersonside,32,2025-09-29 18:43:11.937871
4eccc489-81f0-40e7-a082-e0b447542750,185,Matthewhaven,26,2025-09-21 23:02:10.816482
e0ca8be1-f2ca-4847-a660-c169f7a552ff,129,Valerieside,26,2025-09-25 10:21:36.863765
dee550e3-32c5-4b3b-b1dd-5b6454a5f3f8,165,West Carl,35,2025-10-08 01:14:22.917045
eaef9116-6ba2-4a65-a638-463fa48b699d,123,Campbellstad,29,2025-09-21 21:20:22.134466
090688ac-49d5-43a9-973f-0e35b5dcb9c6,132,Port Veronica,29,2025-10-05 06:41:52.726274
584d3dea-f5fa-4411-a0b7-758c0cc55f73,165,Lewisburgh,34,2025-10-12 12:55:14.755170
428927b2-6208-4ead-a0a7-35104d3d243a,189,Andreabury,27,2025-10-03 00:31:53.460500
86ad202e-d6f8-4ba9-a399-7076fe78a519,115,Patelborough,26,2025-10-06 17:13:47.665475
d7c1950c-25cf-4068-b366-45f5ecb3cec0,139,Shieldsburgh,21,2025-09-17 16:24:05.878690
86b0d85e-55c9-4d4e-8b02-b5689606e9a9,110,North Robert,36,2025-09-20 05:08:07.855054
3255e403-bf7e-4a85-81c4-e9e2955c5da1,131,North Sharonfurt,30,2025-09-28 18:23:29.625851
acb17b5d-e5f8-47c3-af5b-ac0a56891769,102,Benjaminbury,30,2025-10-11 18:16:48.765767
bebf59c4-2633-43f0-8275-980c4777e112,155,Smithtown,32,2025-09-18 04:38:36.266060
6c773eb4-afad-46c8-a534-1c55e045346a,129,Davisburgh,19,2025-10-10 06:47:41.299156
47ad8aec-a233-4547-8b27-fa3d42215cd3,190,New Shelly,37,2025-10-15 07:41:07.038166
e468ad5e-736e-472a-a737-90939c6f350d,173,East Josephstad,30,2025-09-27 08:45:29.580173
48e965d2-b3c8-4b4d-a4a9-7d8c92f59b52,194,Gonzalezton,31,2025-10-14 07:54:18.936149
e51cea47-f868-43c7-aa47-73b66bf229cf,163,South Joel,33,2025-10-07 05:09:21.779246
2e921a8a-e950-4860-a964-744ae8cd0e90,169,East Courtney,34,2025-10-16 14:57:12.626633
e90da6ef-065d-472a-8391-d6919cd1803e,144,Owensport,36,2025-09-23 23:44:03.855208
e90d0aec-7c64-42e2-9575-8860041110c0,117,New Tyrone,26,2025-09-28 21:04:30.686729
eee78786-ea9e-435c-b1ca-c5107f986f22,122,West Cindyland,16,2025-09-18 13:30:55.239651
4801b34a-2bb1-4093-9ec1-49e413c1dc35,108,Christopherburgh,16,2025-10-04 19:08:56.974295
52f7acbd-3e29-4f33-8275-62834cf22ad3,195,East Richardbury,25,2025-09-20 18:16:40.241233
8c6ba718-f80d-4bfd-994c-424ad3bff620,119,Christopherborough,16,2025-10-14 02:08:11.792745
8d324a7d-220d-4252-9ce8-f3dbdf24f9d5,152,Christopherville,26,2025-10-12 15:38:10.646487
f497d522-bfa6-400a-909a-bd714a213b13,104,East Michaelmouth,32,2025-10-01 14:57:08.704854
c1545b29-0f49-490e-a2b6-a385b3859bde,190,West Hannahville,28,2025-10-17 04:12:44.264994
41e1de71-e7e2-4498-a0d9-658568e5fa15,114,Burketown,35,2025-10-15 03:42:21.938289
8d180b5a-6532-4115-a0ef-18e93d428166,130,Melissabury,20,2025-09-20 02:07:04.035528
c1e8d65e-bf07-4479-ae7a-c10165fc0190,133,Thomasport,15,2025-09-18 01:56:44.900547
9602f543-7a6f-44a5-aecb-f445b290894d,121,Sarahton,16,2025-10-09 05:31:20.566801
35c4931c-3121-4a4d-811f-8a2a6aaae636,129,Michaelhaven,21,2025-09-25 22:31:07.912484
3d2e1f8a-610e-4b4d-9f57-ddfd114a0cc2,109,West Cynthia,25,2025-10-06 21:32:55.330337
ccfe4fcd-e4e6-4bcd-a17a-07af2911ce39,132,West Joel,32,2025-10-07 12:38:39.014847
931b2448-0cdb-4afd-9cc8-307dc1bcc8f2,174,Port Bruceview,17,2025-10-09 12:55:39.244657
229db579-bdf8-4c4b-87be-a192edc3d5b1,157,Johnchester,17,2025-09-23 19:08:24.289139
5714d042-bcf3-4a58-b690-2112faf6e7e3,110,Dominiqueville,20,2025-09-24 22:40:47.886911
2e594ee1-f2a0-45c8-b714-16155f3aa5bc,150,Karenton,38,2025-10-13 22:45:47.516212
70501c9e-ec53-47ea-8bde-0eac94240194,172,West Alexander,30,2025-10-12 20:20:16.011965
e1f64975-1aeb-49ca-9d7c-cf097abb1cd1,146,Brandonfort,32,2025-10-15 16:53:48.205101
6d31b0eb-f8ad-414b-bc17-e24de929aa28,162,Andersonhaven,31,2025-09-22 07:10:21.326559
31c56fe4-291c-434a-bf80-6b364d8806a2,137,Cummingsburgh,31,2025-10-09 15:43:23.814650
6325221f-0fa7-4051-ae15-0d1088cdba82,123,Riceton,18,2025-10-09 22:51:43.916457
53432d17-29c8-41f9-a880-a1ec9c99b346,166,Lake Angela,19,2025-10-09 07:38:59.214331
3b89c7de-725b-433f-9c04-8330ebada720,103,Brittanytown,16,2025-09-25 09:29:19.537318
5678c060-f8b1-4534-9462-5fc8f96cb28d,187,Tylerchester,30,2025-10-16 01:00:43.937872
81464da9-4414-47a0-8718-f2e1d649259f,116,New Jill,35,2025-10-01 05:06:02.552103
72fd2991-1225-4e81-8be6-d91ee9cec7bd,103,South Corey,32,2025-09-30 18:35:47.590993
af454084-50ee-422b-b969-a54518259b7b,151,New Briana,26,2025-10-16 04:20:38.000204
9ef81dcb-dfea-44f8-b946-5d84f3d91652,124,Bradystad,15,2025-10-05 00:03:15.610374
adaad4cf-1c05-47cc-a5bd-f4c47a826026,103,Wilsonland,39,2025-10-16 22:41:18.153195
0e79abe9-b8ee-44c7-8350-c7756648220a,174,Collinstown,25,2025-09-26 21:58:15.624598
baf0fb9f-e10d-4684-8243-c7f7250a4390,178,East Alecchester,20,2025-10-14 06:47:01.038299
7829ea82-8939-488f-a622-8b5d16e8c9a5,113,Larastad,17,2025-10-09 20:44:15.789786
b81de585-f88a-42ed-ad39-edad404897be,135,Nicholashaven,32,2025-10-13 04:39:59.158315
b6f5d704-0e80-41a6-8461-bde8a3f07454,139,North Robertmouth,31,2025-09-27 10:16:28.735285
f947e8ce-93a9-4ef5-8839-6bcef94a4b13,161,Munozstad,26,2025-10-05 09:39:44.622899
2d9fdfce-503b-4ac1-8ebe-0119ac4ef1ad,102,Duartefort,22,2025-09-21 21:10:35.170145
a7ffc53c-ca00-4349-9cb3-442fb6af0d0b,185,Johnnyview,38,2025-10-17 00:11:56.900469
68cfd703-9037-46c5-b59d-614266478eb9,107,Nicholashaven,25,2025-10-08 04:16:29.160069
80afefaf-a7d1-4118-a77d-e161af702cac,196,North Kellychester,31,2025-09-20 12:31:22.893271
bd2f05d4-867f-4ac5-8ae2-194ce06583d4,160,Catherineshire,25,2025-09-27 22:39:29.978128
6c710628-754e-4630-88c8-18b255e81adb,187,New Julie,18,2025-10-01 05:20:51.584808
0f8940e8-8326-4730-bfe0-fb0d4cf19fbc,186,North Louis,20,2025-09-25 00:31:54.428062
75724324-2317-4215-abdd-55c798f90320,126,South Ambermouth,34,2025-09-19 17:57:17.362221
f8fe4b82-47bb-4b44-8d78-37baa9d0e94c,169,Kaylaside,20,2025-10-05 04:51:39.556226
9b473ae3-2971-4e47-9289-0200c3da43e8,181,North Dawnborough,26,2025-09-27 20:13:12.119507
4942a8e0-e0d3-4fb2-97a7-e9bc7bdfd482,196,Port Tanya,35,2025-10-06 22:12:49.104775
e7d7a807-8ba2-4720-9fe1-4275cda01ef7,105,Lake Heidi,35,2025-10-06 22:24:05.671781
a19ec662-13fd-4263-ab17-c3b22204e5ab,145,East Christinaport,17,2025-10-06 12:56:00.089000
a0fc3390-cf3b-42ef-a7d9-75b6c25f8898,138,Port Shannon,29,2025-09-26 00:38:28.206413
35df8147-4078-49ff-b2c6-514b75f0c7d9,183,West Stephanie,25,2025-10-14 17:20:00.543357
99f0407e-7977-47fd-a73e-1a1a2a1b87c0,105,Rodriguezville,16,2025-09-27 08:50:21.355890
ad925917-c428-4172-9064-6de73c945868,157,North Ninashire,27,2025-09-30 12:22:56.106416
423987c3-7178-4c94-951e-0b5ca5614786,112,Port Kristen,29,2025-10-15 12:32:41.521765
31afb91a-92e4-4738-995f-11afce939ae5,136,Aaronport,22,2025-10-03 12:07:13.950562
0cbac3a6-219c-4297-b4d9-f3f867d03866,178,Isaacville,32,2025-09-28 08:19:58.026692
2d2c5429-fe54-404c-b227-6131d73ae288,141,Mcconnellmouth,27,2025-09-30 21:50:20.146976
08734d61-84b4-4cce-92ca-3fb64bcfb4cc,195,Mayton,26,2025-10-08 03:57:20.971956
4a0e87d4-a5ff-4cd8-bd77-730e02da0aa0,162,Martinbury,32,2025-10-09 00:30:16.179381
b019fa61-674b-4f04-a2f8-33069325ac2c,178,West Daniel,18,2025-10-05 00:41:46.426488
d712f786-3563-42c6-ab3a-4313d7937ec7,106,Margaretbury,32,2025-10-04 09:21:15.111029
de5cd865-2a33-439e-b3ad-0d19925729c7,101,South Melissachester,24,2025-09-19 15:14:34.038210
feb43feb-2f00-46f5-a01a-e1ec5d459789,170,Martinbury,37,2025-09-29 22:11:26.609725
80efe6ef-2d9b-4a30-8d28-a148eb18a796,134,Samuelchester,36,2025-09-23 02:57:55.341843
9f800dfd-becb-47a7-9a21-ddecae15d20c,177,West Sarah,30,2025-09-22 12:10:29.545570
68da0eee-c159-49cc-8260-ce38a4d2ae53,148,North Zachary,32,2025-10-17 06:32:52.656976
a908b3ca-68c5-43e3-a03a-543a346db922,157,Jenniferside,20,2025-09-20 20:15:42.465220
53b5a8dc-17a3-4cf2-96b1-9e1149547555,105,Seanshire,38,2025-10-13 04:22:04.582090
f4db43ea-dfba-456d-8189-6e4c8b3772af,107,New Davidport,38,2025-10-08 08:11:49.172455
ba81c611-ad2a-4e28-9cb3-a57c1e981d8d,120,Tiffanymouth,27,2025-10-15 11:43:03.221524
ca3ece05-8a09-4960-acdd-1d27bb0c8e10,118,East Sarahland,31,2025-10-04 23:11:59.108918
3f3ec0c5-80da-4378-bd39-10e775685d4c,140,Lindaview,37,2025-09-18 14:30:08.498770
91f74d5a-251f-45a8-8875-1e109766871b,143,Gutierreztown,34,2025-10-12 00:47:47.702216
bc082506-4a47-44ce-a63f-127e461613c3,167,Linside,34,2025-10-06 23:30:18.629723
e264f238-fd97-474a-be1c-8df2a96b516f,109,Lake Catherinehaven,21,2025-10-08 04:11:04.295698
9ec87877-7bb1-417a-a314-e6d3b1fa6e71,124,Fletcherburgh,20,2025-09-29 03:46:36.789619
402951c4-e2ae-4b80-bd65-15af6613f093,141,New Jacobshire,20,2025-10-01 12:49:52.569744
6987cf0a-4d80-4c14-ad39-42674063750f,171,New Andrewland,26,2025-10-01 19:47:37.945477
2d6a9f57-f036-46fa-bff9-e314c88a7dfc,191,Michelleview,23,2025-09-27 19:44:38.224914
ae43883d-d081-47d3-8952-2d0f70ad8aa9,109,Smithtown,39,2025-10-16 05:26:15.888384
5a67b28d-ab46-4c53-9fd5-181aa5e5a9b8,161,Ambermouth,38,2025-10-02 16:09:05.404485
c918fde7-ea7e-4a0b-8ffc-6bf993882940,117,Snydermouth,22,2025-10-15 03:56:33.698086
218e7145-f4ba-42d4-8356-0a702786ba7d,124,East Roberthaven,20,2025-10-09 01:40:59.741424
0e21c87d-6d8d-40ff-a261-7f7a448c9595,109,New Kelsey,24,2025-09-27 01:56:56.638730
7f8d1a66-002b-4ebe-ace2-bdb7fb18eb48,189,Rebekahberg,30,2025-09-26 21:14:40.046838
85e340c2-6746-4f0e-8333-7491d3f9cced,158,North Lisa,31,2025-09-26 22:48:24.103473
207f9aab-29ef-4620-96b8-2cfdbd98abd7,169,Joyhaven,27,2025-09-19 13:36:42.884008
e18ef394-7f4e-43f8-9fd6-f46a8aa82c07,151,New James,29,2025-10-04 07:29:23.754543
f05c22f8-fbc3-4054-8500-63df1baed020,154,Meyerbury,36,2025-10-07 15:29:38.451486
374964ce-4105-40fd-803b-74236e60a13c,122,West Dakotaton,34,2025-10-15 22:42:59.888202
58bc61cf-05f7-4492-b901-414d176659c7,190,Hollystad,34,2025-10-01 22:01:36.361288
1803cc32-d092-4d45-b761-b7917fbc6b6b,151,Smithmouth,28,2025-09-27 00:15:57.615718
214bef69-6c6e-4589-9f6c-ab75dcdf2278,109,Karenton,37,2025-09-26 10:28:58.757916
8d46f253-4045-4fd7-ba52-e9078be34c87,193,Terriberg,25,2025-09-26 14:41:23.607816
8c7acea3-72b7-4ee4-8ad0-65bf1195deef,148,Marietown,38,2025-10-08 08:05:22.136209
a0b2e911-968f-4db1-a124-709e7ffeff23,116,Jillianton,36,2025-09-20 18:08:23.406324
62442347-46f2-46a3-8e9d-18338544d761,106,North Andreaview,39,2025-09-26 21:20:58.489714
74e4f4b4-5858-478e-988d-a2dd02ea3c5b,188,New Nicholasville,31,2025-10-08 15:54:38.945913
2f590612-2787-49e3-a5af-208ae414ee89,141,Barbaraborough,32,2025-09-19 06:19:46.218206
276d4359-3690-4b37-bde3-9f45ba845044,165,Lake Larrymouth,32,2025-09-30 18:17:24.002819
7f6462b8-e1e8-4e78-9add-f7f432519814,134,Port Tiffanyland,29,2025-09-29 04:48:04.885883
fde1ddaa-6476-46b7-825d-2dc8ea74b610,182,Tinaburgh,29,2025-10-13 18:30:24.247629
db1997a9-3922-49af-bbb9-b086dc134306,198,Doylehaven,16,2025-10-04 03:47:45.652629
60250428-be8e-48ce-b74b-c10970c8670b,105,East Jamesburgh,19,2025-09-27 20:47:58.037289
6b0a0a76-6905-4008-bfd4-a8870bd0fdb2,128,Avilafurt,18,2025-09-29 17:02:44.360885
8be916ed-16d1-400c-9ae5-44bd4ef7abda,133,Bellborough,25,2025-10-11 21:35:25.378217
794a73d7-09f4-41f9-b822-ad72eff10e9c,107,Port Jessicaview,25,2025-10-12 03:09:33.005366
c1edc446-ffa9-4cd0-bc37-521843f586ab,150,Alyssaport,16,2025-10-04 13:22:10.206811
480bee13-01dd-41b3-968b-5221f3fcf212,172,Davidmouth,22,2025-09-26 06:24:20.847919
47e4e29d-4d65-4f31-9b37-332309f88725,192,Gregorystad,32,2025-09-28 22:03:42.234555
977d33f3-4f8c-4d54-ad9d-7054dc188618,160,Vangport,21,2025-09-25 06:49:25.072763
929e629a-a99b-4be6-a639-9446c0b82fed,175,South Theodoreland,22,2025-09-20 05:37:02.068358
6370db45-f6e0-4c4b-8388-42d4a49d3b50,163,Feliciaburgh,19,2025-10-05 01:51:51.308614
0555298a-1b22-4aff-91f9-d290788d5430,178,Port Mirandachester,27,2025-10-06 19:32:01.847154
9c2456f5-a953-48a6-b209-2244c58833b8,190,East Jessicahaven,29,2025-09-22 15:37:35.493677
57b4a773-d226-4068-80fb-f955322bd17d,196,West Jeffrey,23,2025-10-15 14:43:27.741955
5afe71c8-2432-4495-9b71-d3864497ffd5,187,South Christopher,35,2025-10-08 23:47:19.140888
5aac7a82-eea6-43b4-974c-b49a06ae0e7d,116,Williamsmouth,29,2025-09-27 17:52:44.039283
0b9ea6d6-3f2b-4417-a666-9eedb54293b0,132,South Keith,25,2025-09-18 17:50:52.084687
5de8c5e0-bf1a-4533-9f1a-488a8efb2999,174,Jamesmouth,31,2025-10-11 07:54:12.507547
cbb7556d-1634-47e5-82b5-b8ee76a48fc5,194,Morganmouth,31,2025-10-10 23:20:29.618191
28182f25-c151-4fa3-8f48-efadb27ca2e7,199,Williamsmouth,25,2025-09-22 06:27:04.617471
47c3bdc0-c332-40ee-aca3-a7370b770e8c,193,Danielberg,37,2025-09-18 00:05:49.734136
60f9634f-cc76-4eba-8cb8-e6348f161013,119,Lake Stevenbury,33,2025-09-19 19:10:36.599883
8e5f7501-51b8-4aa9-ad01-c2e6729d5d8f,129,North Ashley,29,2025-09-26 17:37:04.500777
f1c78c84-33dd-46c3-a0db-259587d086c5,121,Martinezview,22,2025-10-01 01:56:06.939544
022dcc1e-ad85-4d3c-8c4b-e2291a48ef7c,199,North Christopher,22,2025-10-06 21:43:37.560477
212420c3-5fbb-4cf5-946a-ab9bafc50d74,198,West Donaldland,32,2025-09-24 23:44:35.764082
bab6745c-ce35-4209-bbbd-5044cfe65758,144,Stewartberg,17,2025-10-09 17:27:54.842005
4567297d-655b-4944-bc47-df8d811cb66a,124,East Michael,38,2025-09-19 05:17:50.267496
a3eaa2a9-7f81-48f0-88c1-c49df997a5c5,107,Lake Jonfort,38,2025-09-28 21:41:14.235049
8c3549d6-7b81-48b0-9805-e56703b1b83b,161,North Daniel,38,2025-10-03 07:33:51.864660
bda38568-349c-4ea0-9979-7ef1dd6061fc,138,Staceybury,18,2025-10-12 22:24:32.149100
655b68f5-9616-4824-951e-fa67c2477a31,178,Jenniferfort,21,2025-10-11 09:41:27.341924
4b0e8110-847e-483f-9d48-9bae370a39aa,133,Port James,31,2025-10-07 19:27:52.834568
1eac1e91-595c-4f23-9d09-12bdc25eba36,100,Jacksonberg,28,2025-09-17 17:03:25.965584
d5cd471c-0162-483d-a2b5-f62bd0a93f1d,148,Singhshire,31,2025-10-05 21:44:17.163804
44cf10b4-9059-49a9-92d8-9df2371f171f,136,New Jennaville,19,2025-09-22 00:37:33.617366
ccf730df-4dcc-4c58-885a-113706aa284c,174,Lauramouth,35,2025-10-09 22:45:02.707712
13f07ae3-a0ae-41d8-b5fa-83f04ede61db,106,North Amyview,15,2025-09-21 07:56:57.279579
38be90a4-36a4-417d-be0e-5b7381d36d99,163,Joneschester,26,2025-09-27 21:47:54.723472
129db22b-3e17-4865-ba5a-c5c49fa3c246,123,Lake Debraton,37,2025-09-27 14:25:09.201467
22e2695a-c1c1-4655-bd39-c69517cf1880,182,North Monica,34,2025-10-07 03:40:20.756483
387dc4f9-0fac-4530-a085-d08cd20aca96,113,Port Brianberg,25,2025-10-10 19:41:49.355127
30c27354-8570-4a09-b068-e5a5a4329bf3,158,South Daniel,37,2025-10-08 05:28:30.512245
e8c85f88-1c42-442c-a0f5-a4874eaf2676,112,Robertfort,27,2025-09-20 07:33:59.196977
a09dc8d8-d7b3-4aad-9c85-9c915b0644cf,133,Longshire,28,2025-09-22 06:37:52.725226
da9d678d-d750-4083-b0ae-55fd515271f8,190,Evansport,24,2025-10-13 10:27:00.979206
2ddce141-6f08-4181-854c-ba4eb218e674,142,Bowersside,27,2025-10-04 08:54:36.811744
ca6e5a0d-0647-4eed-a654-8f3d33e03c71,150,New Stacey,16,2025-10-07 18:17:23.609904
08a397b5-d958-4b19-a84b-bb3e86cf70c0,171,Tanyaside,36,2025-09-26 12:00:16.840629
d9f7c8a0-39b5-4dab-ace4-c278c2856ddd,107,Lake Noah,39,2025-10-13 03:21:39.075462
1f3bf62e-fd5e-4ea5-8507-4a71596b879d,117,Feliciaview,23,2025-09-29 11:38:28.805445
0f92c664-b00d-4d24-b24a-e300b00a2b81,126,Kimberlychester,28,2025-09-28 23:46:18.214619
000ea374-b552-4532-9462-0a033f1cac11,163,Dominguezburgh,18,2025-09-25 11:19:00.496852
f6cdf4c5-5857-49cb-bcba-820ba887e064,106,Adamport,18,2025-10-06 12:07:14.347713
0e411f87-8ced-475f-880e-7f5837286e42,106,Port Aaron,17,2025-09-28 21:30:52.851672
457dc24f-8064-45a6-b8e5-933fbf974b02,165,Millerhaven,21,2025-09-26 07:02:42.743133
683bc18f-734a-4475-a69b-d102545e4bc0,147,Port Ashley,16,2025-09-23 16:27:58.923242
100979db-c885-4943-a47c-4d163bf1e6ca,123,Michellechester,27,2025-10-08 14:09:49.137889
6a775d4f-5aa8-4818-9873-88eecd8a00d4,122,Barrytown,17,2025-10-01 02:30:44.238814
eba533e6-f781-4fbc-83fb-7935cbbc251e,132,Mcgeeton,24,2025-10-15 09:41:44.259301
947a5e8b-6fa4-4ff1-aaa5-c6b34c6aa3a1,144,Cameronton,36,2025-10-10 06:01:37.243343
e381b0d5-56f1-479b-b0d1-5fa637c67e78,100,North Allisonview,24,2025-09-21 02:01:31.966567
0092d458-b9f1-46fb-9265-805098cb3814,191,Port Jill,15,2025-10-01 12:12:30.396364
eba0d0df-ac90-4978-b228-f0841cf5f475,134,West Scottfort,34,2025-09-28 15:59:11.913617
075681a4-aa17-41a6-a82c-6c9898e544c2,161,Willieview,37,2025-10-07 14:43:43.809292
bc99005c-fb7a-4a12-b9f4-f7c4288af217,170,Katherineborough,21,2025-10-01 01:47:21.193899
7c7033b3-8d76-4b51-8510-5a20ff00ce99,155,Port Christopherbury,24,2025-10-01 07:35:36.355546
47462712-3ee2-4090-9338-ae7031ee8c95,183,Edwardsville,24,2025-10-01 08:52:26.109324
9f4cd0a7-67fd-4144-be51-89051659aa29,162,North Davidville,30,2025-09-27 10:05:03.858669
24bde31a-aaea-4428-896d-771836da385f,135,Schmidtfurt,36,2025-10-06 09:43:40.206592
86781e7d-4c0e-4ac5-8d42-8c1a7a8992a9,128,Port Davidland,30,2025-09-26 23:50:22.275176
deff11c4-73a5-4939-bac8-e771f107018d,148,South Peter,21,2025-10-08 05:03:46.737083
64b1621a-3234-403e-aefc-b0d6317e526a,189,Lake Derek,18,2025-10-03 18:17:01.816522
f73bd39f-0402-43c0-957e-87e1547d12c6,168,Patriciaborough,23,2025-09-18 04:56:44.308801
e4709cd4-2188-4652-98c5-4108ed0cee30,149,Turnerhaven,29,2025-10-09 12:27:21.992136
51b749b6-416c-460e-a726-219c32c980c1,186,Thompsonmouth,17,2025-09-25 11:32:53.552958
a9162e75-edca-4080-a8bb-fa93f11412f0,179,West Amandashire,35,2025-09-27 20:32:29.903909
1f31e339-cb9e-40a2-b31b-81e7c63c16a1,130,North Charles,29,2025-10-15 00:21:54.408387
c3ef5944-eaef-4dcf-a797-6af21faba015,109,North Tyler,36,2025-09-18 04:51:18.739028
426f740b-4019-4f53-8308-89080e1233cf,195,Port Scott,24,2025-09-18 08:53:04.897087
c04b0e81-c799-4a8a-98a2-f86bd71f0cd3,186,Bakerville,31,2025-09-17 15:09:31.988339
d7072091-2d55-4ca8-9cb5-a5d580c25851,133,Nathanielfurt,31,2025-10-15 15:55:57.907290
c03ffdb8-5634-405e-a338-720c759e4b4f,165,South Wendy,15,2025-09-26 02:06:55.039342
39caab3c-cf56-426e-b4ba-e9f09c992c59,147,Humphreyside,24,2025-10-11 09:15:58.615154
0ec06e03-f689-45fb-8e1a-f5f443296664,163,Shannonview,39,2025-10-12 19:31:07.772617
3c1891aa-1111-4d22-a190-84907360cf39,122,South Donaldville,31,2025-10-13 21:59:04.324939
250953f6-9472-4f24-8bd1-bd76a1cf536a,180,Vazquezland,29,2025-10-09 06:34:00.203860
1089a2b3-4d51-486b-9f18-d1ab19d9eff8,127,Blakestad,32,2025-10-16 13:36:24.210442
f01595fd-da76-4ec9-9d9d-be669e288d8c,110,Elaineport,26,2025-10-01 19:52:12.620045
af24019f-1db3-46fc-a863-89aa479ffdd2,134,New Lisa,26,2025-10-06 15:35:16.660973
a9d849b5-078c-47e5-94bc-8d55277ce2f9,152,Nicholaston,20,2025-10-10 02:19:51.143133
a300ec03-3d67-449e-896a-795444aaa4c0,148,Freemantown,31,2025-10-04 17:23:51.797876
caeb5c74-99b9-49bf-839b-622fd650247c,198,East Jay,37,2025-10-03 10:44:33.408520
7064de95-9f07-4cfe-9ab2-7871f7c5ae33,115,Shepardburgh,37,2025-10-08 08:25:46.655797
32e03263-f1b7-4c01-a95c-54d7bc8204a8,149,Trujillochester,31,2025-09-24 07:38:30.348855
05d14e48-182e-4aff-b776-8a548139137f,191,Robertsonton,37,2025-09-24 18:48:18.437675
855dbdd5-b318-465c-93f4-2977ac68cf45,135,Jasonport,23,2025-09-27 06:42:21.745700
a6c3abf7-9eb6-484b-9d78-8360c3e8536b,198,New Charlesfurt,16,2025-10-04 09:56:03.588589
08e735db-21dc-4ed4-8824-4e8a0a516ac5,159,Port Joshua,34,2025-10-08 22:45:54.376276
f49fd03c-38db-4f63-8e04-e8f11a4db01e,144,Brittanymouth,27,2025-09-28 20:16:27.376349
df2ee416-4809-4b03-8de7-03927cc7371e,188,Heatherbury,39,2025-10-16 19:40:49.670374
a86bc2ae-967b-4306-b621-1103376ec70c,183,Kingmouth,39,2025-10-03 11:20:02.829061
4f6d1044-445f-4376-8e25-07523b1be2ed,152,Port Michael,24,2025-09-24 07:13:12.682131
09c35d14-1250-473a-86b6-4eb089048d19,155,West Robertport,23,2025-10-05 00:49:30.607341
ae2a60c0-3b41-49f9-a4e2-d6c3fecc376f,194,New Kenneth,18,2025-10-05 10:04:39.313331
4f625af9-4813-4398-bf08-a85df4e704e6,171,East Ronnie,31,2025-10-10 08:02:05.513924
b7ee8289-eeef-484c-805a-f9c1d3246dcb,193,New Patrickstad,22,2025-09-27 15:23:42.762183
943f2902-5f9d-48ab-b0bf-0a579c7b52ed,174,South Michaeltown,15,2025-10-02 21:29:13.499003
2cdbfdbe-7c90-445c-b92c-e8a07ea53d6b,164,Lake Maureenland,32,2025-09-17 18:17:34.336719
f31ebd22-7103-4f4d-9999-b157d378dcc9,118,West Stephenland,21,2025-10-09 11:55:01.295239
ffb23ac7-1d08-4e2a-9d43-923dd6b3ff74,130,Jamesmouth,27,2025-10-08 21:26:31.671040
23d6933a-87a2-4043-b6a0-2fa1461041cc,153,West Spencerport,35,2025-10-09 09:28:39.746901
5fbe2154-c85d-4661-90ce-efc13ce72384,140,Lake Desiree,36,2025-10-15 18:06:40.770027
5aa01074-dd02-452d-b59f-520e881df69d,113,West Julian,26,2025-10-15 02:08:27.012240
3fe5216d-de91-49e1-9665-e8b4b6b7714a,194,New Kathyton,27,2025-10-17 07:15:09.057941
4c1adf52-abaa-4e30-a86f-e2ba1aafda18,139,New Patrickstad,30,2025-10-14 21:05:57.186221
5af4845f-f00d-4a74-a7ae-821e07fa80e3,147,Wadeburgh,38,2025-09-24 19:16:58.421425
4bb7a3f7-e7ce-4f17-8d75-f45e0c28f673,147,East Adamfort,34,2025-09-23 08:39:48.579604
0e9ba190-090e-443c-98be-016615b703e4,157,Port Jamesborough,20,2025-09-19 17:18:26.773961
d325d960-af8d-4ec4-891d-450564a635f7,153,Alexandratown,21,2025-10-12 18:37:31.821463
3d866161-0458-4811-abc8-d91cb0c436ba,108,East Aliciaburgh,22,2025-10-01 06:10:39.521749
a8b1cd2b-9bbb-489a-bc5b-2bc27af73270,124,Lake Amanda,38,2025-10-14 08:50:37.053905
d74b23ae-6d4b-4397-803b-b1616b5b8239,146,Dalechester,27,2025-09-18 16:10:48.542929
bc9a3751-0923-43e6-9142-f0d8c95f5e6b,140,Jeffreymouth,38,2025-10-05 15:09:54.351087
9dd0022a-19f8-4203-8569-1fd9c200e8ee,187,West Jacqueline,34,2025-09-25 06:57:32.822190
cd3ffd82-ffd5-4714-b61d-217b7d8900ef,106,New Laura,18,2025-09-28 09:30:11.091878
195aa5ae-470c-43e6-9a97-c8b167aa1904,131,Hodgechester,21,2025-10-15 15:00:37.798020
79e33107-4527-4d1d-8c18-5c9be14ab22c,104,Lake Sandra,25,2025-10-03 11:21:35.691132
4079df3d-9723-4fa0-823f-aa739952b476,151,Ramosburgh,23,2025-09-22 16:52:22.392581
625d06be-d2c4-4115-8f93-bdb1637815a1,122,New Jackport,32,2025-09-29 00:55:33.364070
