order_id,product_id,quantity,order_date,customer_id
29065be1-0ce2-4449-9464-c27bffffa02f,189,5,2024-12-27,1243
973aacf4-2f60-40ec-a3ef-26d55a971104,106,6,2024-10-22,1579
064398fa-7fdb-4971-bac8-f4e9b319194d,176,5,2025-01-05,1629
d2eb6a68-75d5-4e79-91dd-65f5b0144816,192,9,2025-03-06,1832
ff081638-a4f9-46cb-bcb7-d1e358a082eb,119,4,2025-03-26,1913
34ba3fb0-d6ce-4478-bbba-9c5911354dd6,184,7,2025-05-11,1775
2ad8b166-cd8a-4935-b88c-a02bf2afb98c,146,5,2025-03-03,1935
6a434362-cbb2-414e-8251-7974dbec3788,112,2,2025-01-12,1825
221c7a01-8a9e-4121-88aa-7bbde3329893,180,7,2025-06-03,1673
004ebb3d-b5ef-4cb0-943a-c31459b36f4b,186,7,2025-01-27,1015
c094b88f-c01e-4da2-99dd-9ef0c1cf376a,130,2,2025-05-23,1744
cfcca15b-6664-4a8b-849b-2af979cbb658,172,6,2025-05-22,1232
d2019697-4995-4d54-93f9-337a8d7f55fc,146,2,2024-10-22,1380
8dea2647-3a5d-44de-83ca-2c2deb03caad,184,8,2024-11-26,1543
33c911d4-a42f-430f-92a8-019fd793484f,160,2,2025-09-07,1603
ba7fd06d-445d-4955-8e4a-c192795c2b5b,155,5,2025-09-10,1201
7b7f68de-1453-4a0b-8c7f-ea4f198fddfd,157,4,2025-08-22,1818
cc8a6aa1-9715-47db-aaf5-4bbd736a2605,114,1,2025-05-30,1462
023e27f1-9477-4c52-beda-c39fca7b1328,142,6,2025-01-12,1610
1e3194d4-573d-4293-aca4-47cab356ec3e,191,2,2025-03-12,1342
b8dc9a0a-6758-497f-8c09-49a97f8021a0,189,5,2025-01-07,1236
205478b0-6f5d-427d-9a94-859115fde082,109,2,2025-10-02,1392
38b7441d-88b0-45ab-8a50-dce35b76fc62,127,7,2025-08-30,1681
39f65c5b-c30d-45c0-ad87-6363e1818757,157,9,2025-10-02,1321
e0d7d44c-0b4c-412d-bf99-118018282095,113,2,2025-04-15,1233
1afed18d-caa6-4559-99b5-ff5f814a1029,126,3,2025-09-08,1489
ddb48a19-c1b5-43b8-b12d-982922299d94,139,3,2025-05-09,1904
a1885d63-18ad-4769-8088-f75de36a88c9,187,7,2025-04-18,1334
cad4d4e7-4e21-4c5f-b4a2-885aada1b987,166,5,2024-12-31,1265
90982835-b338-4216-b45f-178d2c441946,154,9,2024-12-14,1514
025d4a0b-21e3-40d6-9885-dced069328f9,184,6,2024-12-28,1193
8f2b3537-9420-4f42-8b98-5de9ce612360,149,3,2024-11-03,1561
679dbb46-ff31-4895-b27c-bae1531f7f16,189,4,2025-05-22,1011
4625306c-5528-41f0-83a7-eed74fd9c023,169,7,2025-01-23,1756
443132bd-779c-41c4-a57a-8cd5e4973699,170,4,2025-09-30,1389
338a97ac-b812-4bba-8193-462a76f9fc61,108,1,2025-04-21,1304
056cf4d1-6cc8-4239-b34c-c66ae0910d8c,121,7,2025-09-01,1186
63c86f0d-52d4-41cf-9f94-03245233cc79,123,3,2025-09-21,1204
5c39d034-5fee-4644-b3ef-55b2620b47f2,198,8,2025-09-11,1929
6fe2bfbb-133d-42d4-b402-8b99d56e8a30,196,6,2025-07-11,1154
14a19af0-ad14-4769-8536-46ce8c3af27a,146,2,2025-09-23,1737
5155be01-f183-4c96-bfad-a7d81bf6e5fc,169,9,2025-09-08,1999
7c542b0e-cc59-4da9-91f3-85c1eb0e62fa,157,7,2025-04-18,1859
04be2c07-dcaa-4bf0-a5f4-613403a20091,186,6,2024-10-30,1300
2b15f22c-ab82-49cc-a8c5-8d693116d8ea,162,5,2025-05-19,1741
26d31327-6d08-4700-8e71-007da5e44937,105,9,2024-11-17,1668
f5199500-97ff-435a-a1a4-be053cf02f5c,183,5,2025-01-17,1239
e859ccc1-c4dd-4b93-b380-c40d696c2f87,145,9,2025-09-14,1338
7fcf16e4-0dde-42f5-ba82-fd7b9b04ebca,174,8,2024-12-12,1434
9c37a0b9-1429-49c8-b471-895e9ac7bb0a,191,5,2025-09-23,1073
fb09a741-9db5-439a-a883-8d40af9db6a7,162,7,2025-06-11,1478
19331834-f704-4bff-b874-c7b15460f8e0,105,4,2025-07-06,1588
6fb55bbb-aeef-42c6-b103-80f86eab0855,195,2,2025-05-19,1545
d43e904a-a07e-45be-ba60-28ee603bed84,107,9,2024-12-26,1407
8cf983be-38c1-4f86-bda8-c843eceb2a55,158,2,2024-11-03,1245
15d5fa75-19b4-4133-bb89-8d09f4175d0c,171,7,2025-02-05,1194
2c89ab28-3086-409c-9693-285403c647af,114,4,2025-10-09,1991
ad6c6832-60cb-4b4c-b017-5c4e65d37c5f,150,5,2025-05-12,1371
4fc9c8ce-5f10-457c-9ecb-ef0a6a5f7dc0,194,8,2025-02-17,1109
92470689-5255-477d-8d2b-e397b5449752,167,4,2025-09-28,1047
56162ef5-c6b4-4cee-a491-a1ffa06bc9ed,145,3,2025-01-30,1759
3f8a1907-c741-4b4a-9d07-d275465e9ca6,169,8,2025-08-28,1460
a6fb9266-be9c-45fa-ad25-e57fb6373c5f,150,9,2025-07-01,1549
dab123aa-5f15-4106-b6f0-23fcfd230ec5,145,4,2024-12-01,1627
074565b4-2b9d-4001-a000-0a3e7cd43310,133,1,2025-01-15,1469
85a8ce89-a38f-4537-8c2d-cd6b934f8332,150,8,2024-11-13,1649
ab61d6b7-5023-4926-9799-c8f2bb2b4772,147,1,2025-06-19,1309
2d67d4ce-1a6e-4c57-9e59-58171cff7e0c,163,4,2025-05-16,1169
0d721d23-cd8d-4e7e-8c06-d097636ec1c5,119,4,2025-09-02,1643
37bc8571-97e6-4e1f-855a-3da3698b9c8e,191,9,2025-02-10,1082
60e524e1-3925-47b0-ac38-f5dba2681260,158,7,2025-09-23,1403
2aa94fa1-abc9-4d70-ae6b-ac0400770d2b,159,1,2025-02-10,1476
a031c381-b4d9-4a84-80e8-00c97cbf4cdc,119,2,2025-03-29,1820
8fcadf12-2d2f-4ccb-a135-9ba171842d75,121,2,2025-10-01,1560
fc450fb4-8eee-45ac-9ac7-eb7cab0261f2,133,8,2025-08-15,1405
8dff117e-b97f-4bbb-b262-e8ffea7d3f2e,178,1,2025-04-19,1708
28577848-b179-47e0-b544-92dcd3f25546,129,1,2025-08-21,1652
3e838847-7c38-469c-a5bc-a55796305f34,120,5,2025-06-22,1174
1946ac9a-9f97-4bbe-92e5-e2d6a0e5bcc1,153,1,2025-08-12,1551
d5bfee00-820d-4771-9520-158e35c717fc,118,4,2025-07-09,1456
f1a00eb4-9d46-44b4-a2ec-6f86562dac10,113,8,2025-09-11,1876
3f150187-0a90-4f69-9d58-a73359394ce7,182,1,2024-12-19,1218
6b98b1e7-d6ba-4bf6-bbb7-092a4832c9b2,167,5,2024-12-08,1592
5040ff79-8a1d-4b66-ac14-ceb176009f51,109,2,2025-01-19,1265
a3e64d24-f0fd-48e2-bfaf-e376936e4159,135,2,2025-09-04,1903
957cd6d0-796b-482b-ae55-be0e130d3349,149,6,2024-11-06,1206
d717ee05-e62f-4f3a-b9be-284d2a85a2f6,104,7,2025-09-13,1345
2f0b7ff2-9dca-4830-bd71-b52f5cd7fc08,197,3,2025-01-18,1372
71b933f0-fabd-454f-9f16-9f50f2ab0cd3,119,8,2025-09-08,1296
ae320c45-a582-48bf-97fa-6a1ce91c4642,178,6,2024-11-15,1604
0f2d1271-6c37-4c68-9f87-d0c137e53e4a,132,2,2025-08-25,1705
418524c3-5e09-4969-b6ef-abe9bf63b94b,195,3,2025-01-25,1108
28c53650-eb4e-4d2b-9755-a175e4ab2226,144,7,2025-05-16,1850
9186940e-85e7-42f4-bdc8-9dd744be16fa,190,4,2025-02-04,1737
21ef44e3-8504-48e9-9222-3d0ee982b90f,199,3,2025-09-08,1430
a39a18c3-5b07-4564-8a1f-0cdeac0b0dfd,117,8,2024-11-10,1801
40b475e3-a374-4e74-9384-6c36e410187b,174,5,2025-02-16,1044
d37dfbc8-a12d-49a8-aefd-afbc2ae2b6d8,175,6,2025-06-08,1659
1b351b0b-6ee4-43b5-8b1a-d72e4dd2b3dc,150,3,2024-11-12,1672
69c7638b-bd0b-4a09-9e63-ebc9747744cb,133,7,2025-03-18,1787
5ca188b0-6b07-40a3-b315-a35694498dc8,162,7,2025-05-29,1542
6a8b3968-4644-41d1-815d-09cf95c36a1b,187,4,2024-11-02,1480
fc43b70c-1948-44fc-92a5-0851affd184e,183,6,2025-03-26,1219
df2ba71b-405a-4f3f-b547-abd3828f8435,176,7,2025-09-11,1801
9f9ed4ba-e4d5-40c3-b2fe-7e69804c337f,136,2,2025-02-15,1598
65fcf5b4-be8b-4d61-bef1-65ea3c65d60f,116,7,2024-12-14,1043
9993ebbc-36b9-47e4-982e-d4dca19b5754,147,7,2025-07-27,1346
6ed73250-3bb8-48d0-b982-884990d4e081,166,4,2025-09-19,1370
26c29033-e91f-4ee2-8056-435675a00d5a,179,4,2024-12-13,1765
903223ac-d196-48e8-92d1-6e5ac973d959,113,9,2025-08-04,1290
b97b11e8-a8d4-4d19-9fe3-40a1611b8af8,117,8,2025-04-10,1228
b04f5de6-3b9a-4736-88b9-b9b623a89abf,103,7,2025-03-26,1084
572aa2e4-1ab5-4b82-80ef-4b26a5fa60f1,198,1,2025-09-21,1119
a0cd99f6-b63b-4b98-bff7-9f75698b8988,126,3,2024-10-26,1879
c6bc1323-5f4f-495b-9762-a4bd57e96ff4,137,4,2025-09-25,1850
c59517f6-df75-416e-88f1-73ee038191be,157,1,2024-10-30,1186
a36ed122-c0a4-4b60-9743-7253bb282267,186,6,2025-08-15,1786
366dea54-64df-4d86-b2ae-0b74fa2a15e3,129,6,2024-11-27,1766
195ff9cd-5f07-420e-bd45-05ff9932d3e2,195,1,2025-05-20,1390
1360cec1-4c7b-4bec-a6c4-80dda65a2dba,170,2,2025-08-07,1756
fa50ebb5-9faf-47aa-90f3-ed62fb3e81a0,195,1,2025-05-09,1830
b0bb7a2a-6d68-497b-89fa-371000e1f845,135,8,2025-01-04,1284
df4b9f30-803c-4bed-adb2-af9f52ff733f,175,5,2025-04-15,1413
96adc65d-7340-42f3-b8f0-96e3ccea5d59,152,7,2025-08-17,1268
4204a783-934c-484d-be04-e46deb5f6c29,162,2,2025-10-12,1008
fede8ef4-5887-464a-a191-ae3ab316a22c,198,4,2025-04-14,1690
02423717-07e3-4237-96bc-dc4c85ce1654,101,2,2025-01-10,1839
1686bf3a-0d87-4172-97e3-cb2f09740477,100,4,2024-12-22,1568
2f4e7f34-c47f-4f90-87e4-0ae33d9f8bbd,137,7,2025-08-16,1869
73daf5f5-5391-4216-b051-b84ef2d4efb7,130,4,2025-06-10,1071
ae18a2ff-9ea7-4d3b-aca1-e87ae2a346b9,139,1,2025-02-23,1291
fc964fe3-83d5-4f13-aaf9-59129c7e7e8c,189,1,2025-06-21,1053
6de8af09-bd66-4121-b7f4-033724973e9a,192,7,2025-07-06,1354
37f7846d-6a80-484c-9085-1ce88b59780b,125,2,2025-03-22,1741
9f478c45-ea22-4a41-9dd9-114136c59100,173,7,2025-09-29,1349
b1215d9e-894d-4b7a-95e0-a477937ade9a,141,7,2024-12-25,1042
9c7aca83-f1fb-48a8-8cf7-29949ade58a9,168,1,2025-05-30,1293
4809a7e5-79f4-4e35-a864-0cc634d0feb3,154,3,2025-08-03,1612
baeb085c-469d-43a7-949b-c19596f74562,117,4,2025-09-05,1594
f43a8069-6132-42e8-8537-4b1b904d9f2c,122,1,2025-01-15,1925
48b7c6f8-42b5-42f4-adc9-e0d0901551e1,161,4,2024-11-18,1348
9e737e26-a12d-4bec-b3fb-38a3efadbf49,163,9,2025-02-15,1695
79551eed-02fe-4cff-8140-e9f09e1c44fc,136,6,2025-06-14,1837
a573816b-86fd-4f95-9dee-173c15742007,145,1,2025-09-12,1955
5a29ba2b-2fdd-4dc3-89b7-52781945af87,148,1,2025-06-16,1076
55fd60af-d05a-4dd9-b30b-ba4e202246f8,197,5,2024-12-03,1930
abdfee25-80b4-4763-8554-ff6fdbb53d79,141,3,2025-05-15,1379
32ac6064-4578-4d23-b525-8b29d5be96ac,140,3,2025-06-29,1191
29c4036d-d374-4a16-88a4-2593e53a04f2,170,4,2025-02-05,1026
2778cca5-a2c0-40cc-bee3-6d80b93ea12e,143,1,2025-09-24,1912
17d291e0-505a-43d2-b84c-e4679c1c1e2c,153,8,2025-05-07,1689
7cae2ee6-382b-442d-bee1-50b556b30d5b,153,5,2024-11-15,1709
fee58039-f71b-4b48-b670-0355c5ff9537,101,1,2024-11-09,1211
4964f4e6-808c-4d23-9203-64d2383e7835,145,6,2024-10-16,1177
379bd08e-9537-45fc-832b-543821a2f45b,170,9,2025-02-26,1902
b166b10e-8ae5-4303-8908-a06ccd08d402,152,7,2025-07-02,1965
8d7ac7b6-71d8-4647-8d78-da26575afd24,161,5,2025-05-16,1392
29561693-6059-44a4-b8e6-485b112e46d5,192,5,2025-03-05,1091
c112e83c-b634-48ec-abba-c7f4ab903527,193,4,2025-05-21,1914
e97df048-106b-4d9e-95e7-2977257e9504,111,2,2024-11-20,1778
9246d15e-866f-49fc-a15f-e5e2b1457a5a,150,5,2024-12-04,1228
65dc0253-a813-4006-9c47-3844cca4d65a,176,2,2025-07-01,1693
4c586262-01d7-47e9-817f-5cd47f78d127,181,7,2025-09-14,1784
c6bcd01e-53e6-45ff-9fbd-0e7080914b54,130,7,2025-04-09,1264
a92fcbf0-b558-4e20-9cfb-12900e25e78e,118,1,2025-06-09,1117
ebd2c793-17e2-4d51-80f6-ceaaaadd43fa,150,7,2025-02-23,1128
2aaf28a9-e432-414e-9006-52e0fb960a2d,113,3,2025-05-22,1803
41f5c98c-fcc3-4d30-b96b-6b093623bef2,146,6,2025-06-08,1206
287d0e49-6ebb-49a5-951a-6b27fdecd0b6,106,4,2024-10-18,1659
6f48f56c-e58f-43dd-bebd-d3a3e8426bc5,187,4,2025-03-24,1988
02454847-06ac-4766-9133-f06afb9066ed,105,4,2024-10-26,1169
00ee1d62-9193-47ff-8e83-c0636e9becef,149,2,2025-06-02,1125
4e4b9473-f9be-424d-b7cb-86f5c888fd17,110,4,2025-04-27,1287
10c48a13-ffa0-4ff1-96f2-85af9ee2858d,163,3,2024-10-16,1305
d04c0f47-97a9-4752-b8e0-af1b2b63bf12,164,8,2024-11-19,1502
b994e57b-d482-47cb-9658-269ff084b4b1,168,9,2024-11-30,1256
39864e41-f877-4934-bc8d-8a7aa0142546,103,2,2025-09-10,1983
2c18950c-9eca-49ec-a29a-d48b172b2a23,149,5,2025-08-18,1714
352b38cb-4123-40c6-923f-f81df73959ca,148,6,2024-11-02,1717
0e0686ac-0114-40bf-9c03-9f558e237426,125,2,2025-05-03,1087
b2b24db8-69fb-46a8-94ba-4c7896e1ea9e,175,8,2025-04-27,1888
1a1d95b9-c4f3-4338-81bf-9e0c54819232,129,2,2025-01-07,1208
90fe23d6-d348-4dd6-afe8-af2342a4aa4b,192,9,2025-03-10,1582
79848623-44c9-4095-82af-eb54d5754f7b,109,4,2024-12-23,1618
15f5d309-b8ad-43de-8f31-097910278ced,163,4,2025-10-13,1866
def8c8a7-dbf3-48db-9a94-383709b8d57c,103,3,2025-06-10,1877
dabe098e-f33a-4012-8610-a92a4e9efe3e,103,2,2025-07-28,1641
b293cd03-d3ed-493d-b143-add5f37b9475,149,4,2024-10-17,1044
d5f40397-8e03-4573-80a6-ad8a549bf915,183,6,2024-11-22,1510
85ee4dff-30de-40b4-8212-15db5110380d,177,4,2025-05-09,1234
2983066e-bbe4-4c99-8fb8-ba78816f1d03,199,5,2024-10-27,1978
6de784c8-8675-413a-b78b-6fc38f5a6f34,147,6,2025-05-20,1445
9b45ba4b-3330-43eb-8063-2d598cb0d39d,110,9,2025-08-06,1014
922efec4-13df-4a04-afe1-9f6deb883af4,165,2,2025-06-11,1826
f9119de3-800f-45ff-8cdd-4ebdb3035628,150,6,2025-07-01,1446
a91691c4-2a7b-41c0-bbb0-70a20cea47b8,195,5,2025-08-22,1694
f179f662-fbf5-45bc-ad27-51d42b003d8a,103,5,2025-08-01,1916
b9637f3d-1bd0-485d-828e-94e87395b5b0,143,7,2025-07-13,1971
a0bd45c4-2988-48a8-b1df-30c435bda599,127,4,2025-08-09,1752
025c694e-4017-4f3a-ac21-51981cdebb0e,196,3,2025-08-20,1178
f5800e39-f2fc-4be5-aada-eb777855867c,194,3,2025-01-15,1441
fc203356-b1f2-4acf-a608-00b593bbffb0,181,6,2025-04-06,1257
1f547070-1ec6-4969-9b21-80b82661d38b,197,2,2025-08-16,1000
5c43318b-d240-4cc3-8010-cf817af6d70b,158,4,2025-10-16,1401
630caf1f-f4e9-44f4-bdd4-3fcf095d32f6,166,7,2025-03-07,1634
653fcd82-fdd7-42a8-aa46-a5f8c06c68cd,128,1,2024-10-23,1500
9ec73a59-00f3-4564-af66-11058576c540,145,8,2024-11-14,1188
b42e81d7-1a59-4400-8387-70c2a1c627bc,142,6,2025-08-06,1960
52b1a165-01b0-411d-be3e-a57079a1cea5,106,9,2024-10-29,1421
d170af88-a542-42ac-903e-963556ac76c3,148,7,2024-11-27,1930
52e26529-2804-4f0c-921f-6849d209eb2e,159,8,2025-10-07,1437
bf887ff6-8104-43d1-b101-62c63b1c10c9,196,7,2025-07-15,1862
803e472f-a0ef-4f6e-a09f-298dd503c502,150,3,2024-11-14,1872
4448be54-7da2-4aef-9f5d-1773b3c45646,171,3,2024-12-08,1521
c11a0251-725b-4ba4-a68b-c95410f06689,148,2,2025-02-01,1410
bdda3ddd-bf15-413c-a481-1f96f6d07055,107,6,2025-07-09,1000
705e4c70-3157-4bc3-b51a-3a9f8158d943,124,3,2025-03-09,1315
8431f436-41fe-49b9-96cc-63c209607249,120,1,2024-10-21,1193
083bf487-714a-4849-b979-e88583ba584a,130,7,2025-01-06,1618
0babf6e8-e3bb-4c59-8c8a-1bf697ab5fe0,104,5,2024-11-27,1981
a824d9c9-b0df-4b62-9a28-ea6ae42e939a,107,4,2025-10-01,1068
436b4528-6a74-45b1-85bd-d3996f1db617,161,5,2024-12-08,1596
12f5a810-9c03-4f70-b5f7-abaf28777936,105,4,2025-05-01,1861
163baf92-abf9-41e2-8aa7-693e54d53e11,124,6,2025-10-09,1157
1f3c5cbe-c7be-4c1e-83e2-510dc2961124,199,6,2025-01-21,1746
c0439fc4-7e57-4430-a359-2440b4e83ac1,133,7,2024-10-20,1626
330a0f86-411c-4f15-ba67-651ba4bbf234,124,8,2025-07-05,1202
fd3d830a-1762-406e-b8a3-28339a2d6a7b,189,3,2025-09-26,1538
fbe9167b-63e9-4ff5-858a-a58459b1ab0c,186,8,2024-12-17,1548
c296b1ea-6370-4f0c-9c59-420de82eae85,177,2,2025-07-24,1403
fd58b4ee-0e1a-4056-b5a7-1f2053f0d8c5,107,5,2025-02-28,1146
8c199c9f-7e34-4906-be67-d9eabbcf78cd,128,4,2025-09-04,1087
34ff9ce3-47d8-44ab-a5db-4a0db861329f,189,1,2025-07-26,1411
a32d618c-018e-4aea-b160-4db6aa6b6730,157,1,2025-10-05,1169
289cb682-4c4b-41d2-be68-5512490bedf6,188,3,2025-03-03,1904
af70fec1-3a56-435a-84de-4ca4a8db5eab,120,9,2025-08-13,1785
a5486a12-063d-4a9d-b48d-dcd573c0faef,188,8,2025-01-31,1238
a190b29e-81ae-4c33-92f9-2ebe81d62388,141,5,2024-11-26,1462
ed9ae626-ee2b-4d50-9445-da6f966b4a80,158,4,2025-08-18,1300
297bf14b-be42-4bec-a8c9-ad1cb3890c92,176,1,2025-09-01,1863
c3699888-e9f6-4e56-baf6-f78e38f83d5a,148,1,2025-09-23,1085
dd7483e5-4a06-4729-8205-65bf0ed027d7,125,2,2025-02-12,1898
b0cd1d6e-3e88-428d-84b7-29e3714dc270,163,7,2025-04-07,1071
78c51a24-fcd1-4c8a-86cd-903c0895e8ae,111,7,2024-11-08,1762
cda00021-7701-4f02-970a-e8bf765f7f53,119,6,2025-10-06,1541
fe21c519-7366-4511-b7a6-c76c41efcf36,192,9,2025-09-29,1361
fbf9f2ad-6e27-421c-8c55-8c44950b4e24,191,4,2024-12-12,1944
0eeec2e7-20a1-4f6e-b35e-98bec718ba1f,114,4,2024-11-16,1364
3717214d-d863-4cd0-8868-644471de18ba,180,3,2024-10-19,1296
6d883ba0-2252-4668-9ffa-4149e58270e9,155,2,2025-08-09,1406
93e19d49-081d-43ce-80dc-054587437be7,188,9,2025-05-31,1328
eeb85454-24fa-4496-bfbe-f45f20e7ebad,130,7,2025-03-14,1269
5638d7a2-22f7-4b24-9283-7437063a736c,150,1,2025-10-13,1575
87366692-850a-4d94-ac42-f4d76ef35d5f,113,3,2025-07-13,1890
6a03a6ab-d585-4f45-bbe3-3b8c270b7621,155,1,2025-04-24,1029
464c450e-8acf-4e2f-9818-331319287bb4,175,4,2025-09-30,1439
e49842a4-a7cc-45f3-a5a1-c2fd626be965,146,4,2025-07-08,1852
eab396da-8dd3-4ca0-a970-95225757a9a8,142,6,2025-07-09,1906
6858c3ac-b7c4-4dcc-a7c8-e2bfe1c6b721,154,3,2025-01-13,1683
561bac30-1db8-4cbe-835a-73a72250aaf5,152,9,2025-04-12,1276
e8594cd1-05c8-47ab-9976-423cdb7590b3,106,3,2024-11-28,1868
58f5fa22-36f4-4d0b-ac34-27814593bc0b,180,6,2024-10-21,1148
dd1d5e1c-1f94-49e1-8123-82005c56a1a4,111,7,2025-02-12,1690
82585689-8a0d-48d5-b776-36f312618789,110,6,2025-08-21,1529
85594d49-f26f-41b1-be7f-50777a57f68d,198,9,2025-06-11,1802
d4356643-7dd8-47a1-b21e-21f9b0801598,133,2,2025-07-18,1731
932ba80d-c74f-49a1-87bf-d82edccf0d50,136,7,2024-12-02,1886
f2c52fac-0ed4-4e62-9be5-5d6310777540,169,1,2025-03-02,1678
48abaa57-0713-4661-9844-ccb3ba23c796,155,8,2025-05-07,1021
4815c290-628c-4500-bf47-054eaccb8fca,119,7,2025-07-17,1907
9b811859-6e68-4bc7-869c-851228607a53,112,5,2025-05-08,1686
646f008c-fdc1-468f-9df8-29becd1984c1,191,7,2025-10-01,1447
e60e25d8-df78-4999-8259-b6da8b674f21,139,1,2025-06-19,1158
2a4f86cc-fc04-458a-9b4e-63c35e2c7857,110,4,2025-07-27,1424
2204f2fd-009a-47c4-936a-7deeaced095e,156,1,2025-02-09,1549
12371451-24e6-4c66-b28b-c5f7fd68947b,163,7,2025-05-20,1955
9d6059c3-98a8-4593-bcb9-a22c8ec4adc5,141,4,2025-04-08,1488
5a144272-b373-4858-be11-d2fd1b4cdd34,188,5,2025-06-22,1133
c0e2b45d-5d48-47aa-89a1-46569cf6d65f,187,8,2025-06-01,1288
09656ebc-c856-43eb-b78f-c1feb2312876,177,3,2024-12-06,1877
a4a065f6-3b9e-47aa-a433-cff740524b7f,199,2,2024-12-06,1162
6e129315-1434-4bd4-a773-d8cdaf23c511,158,1,2025-05-31,1129
0eb12331-ab95-432c-bad6-e0f9d4db0282,176,6,2025-03-29,1019
1e228539-650c-4d4d-8937-123192103f6b,130,8,2024-12-15,1966
d6a4362f-5c35-4ed4-ad9a-245141481b61,139,7,2024-11-20,1006
518322aa-2785-4ca2-a6c6-c3bcf1736fc4,151,1,2024-10-23,1987
c32c4a6b-ad5f-4922-9ef4-78f7ec07ce3a,118,6,2025-03-06,1777
b1436968-a1b7-4147-82f8-f218c3ed2b3a,142,4,2025-09-14,1110
15f70351-6cb1-41ee-9afb-818428fc621e,174,2,2025-09-30,1922
31957e3e-157d-4420-ac47-0d23ae82cbd9,105,7,2025-08-05,1135
78d46586-d1f5-4181-89d5-5a8261d00d34,192,9,2025-02-10,1745
122d3cda-70a6-4265-be10-19784cfd8033,186,4,2025-08-12,1300
ad605423-c089-4ffc-8668-440711e5d255,173,6,2025-09-25,1347
83d01242-648f-4fb5-867a-d383a85bbd25,180,3,2024-12-12,1953
73a83cd9-8a05-4bcd-97a9-7593fb22f416,124,8,2025-01-08,1447
e14ffdbc-fece-405d-a50f-324d58a2f54f,179,6,2024-10-28,1782
1b1087fc-9a3b-40b0-850f-ef2d8efce35b,178,8,2025-03-21,1215
6a8649ab-c6ef-44ea-8881-7a49c438603c,183,2,2025-09-03,1668
31777a6d-2e90-4570-93d5-b09b70ed4356,114,7,2024-12-30,1275
9f1b3bdf-0863-46ce-8116-98dc9120c32a,104,2,2025-01-08,1780
eba4d6cf-279e-48a2-a8cb-949fac98d429,179,8,2025-01-31,1498
72749637-f660-4a75-9bdf-abb5ee568717,158,8,2025-10-01,1364
e01726b6-8eea-44d9-8b64-4b5f267ed4ee,112,3,2025-08-21,1021
3e718ee2-6425-4aeb-a23c-42074320acfe,145,6,2025-04-03,1259
a068c28c-7268-48f8-a0da-622012dd189f,144,8,2025-02-07,1977
dc574171-3805-4bfa-a27e-179809be38ae,126,4,2025-04-26,1466
e10cdfb6-00a7-4f8f-bf51-c65473f81164,191,3,2025-06-24,1715
d014876c-934f-4682-b655-e596cecbd2e6,179,3,2025-07-30,1868
9171b233-a68d-4cbd-80d8-60455202b4e8,147,3,2025-04-06,1888
1d7d6d57-da69-442b-b0b5-467c0df6d700,162,5,2025-07-15,1316
b7d1e4e4-fe40-4076-8e2a-9e28aeca50d9,101,9,2025-05-24,1980
a2a554a6-e1c7-4740-bb55-d895dbd21e7c,150,8,2025-01-30,1560
a64b9444-3854-4ecd-90e1-c26bc72ded09,102,9,2025-07-07,1265
91df2704-2907-473e-be7f-8f77f678a156,154,8,2025-10-12,1963
2f74a357-323a-4bd4-9424-383f7e552570,118,4,2025-05-11,1010
54df3bd4-17c5-4c0c-aa4a-3e97c9f241c6,118,4,2025-07-01,1606
30f9be3a-bd65-40ac-baaa-20b8f9816f42,173,7,2025-07-05,1873
34fe5dc6-5c22-4dce-9876-2ce0d5186009,160,7,2025-08-19,1740
63cd7748-3067-4945-92f8-27a3612cce02,142,9,2025-04-14,1422
bd84bbc6-0988-4e2f-a027-a8a573d18677,141,4,2025-01-25,1791
cce9221e-7d57-4e3b-9ccb-08b0bdf7a69d,175,9,2025-07-21,1920
00657e34-af46-4f7d-83a7-fccda75d0ed3,128,8,2024-12-04,1137
4e0e11c0-9f29-4f48-b16c-d34f78e51bea,147,6,2025-08-12,1561
9488b224-ccae-4f60-84b5-dbf5bf3ceca8,125,6,2025-04-02,1544
641c1270-4ea9-45a3-84ad-45b4bce23602,114,5,2025-02-01,1843
9c904bd9-681a-4947-bfbe-88531df4ec69,120,7,2025-02-14,1093
68ee01fd-978e-4cd9-9381-9b53a9d472a6,140,8,2025-07-20,1057
c6f32342-48b8-4532-a89e-5bd6b5742e2d,125,7,2025-07-15,1939
ff2d6c45-8f44-499a-b813-1c096e0eeb87,107,8,2025-01-19,1431
b1814b9b-2b0c-4531-b93e-3c91f25c64e9,144,7,2024-11-10,1251
5598c518-1e64-4840-b6d6-340b952e70de,160,6,2025-01-03,1509
02f1bf57-b97d-438b-85cb-f0bf056889c3,164,8,2025-01-17,1896
4661f6d0-817e-446c-8aa0-d1a3b72ac309,167,6,2024-10-22,1214
9b745648-926a-455b-af6a-3bdce467cc5a,193,9,2025-10-02,1235
a9d99b3c-f935-43e0-9915-58da4dd39937,131,4,2025-08-12,1610
3f5efe4a-2813-47cb-bb85-e0353e5e9807,141,5,2025-06-02,1781
34a80f5a-4595-4abb-a679-98a4c8f4432e,196,8,2025-04-11,1180
16c2de30-b0c6-454b-bf89-c3790ccfeadd,132,7,2025-06-26,1183
a8da1ae7-5f76-49a0-953b-7d6b554a53f2,161,5,2025-05-22,1303
337a845a-c0e1-455c-8680-916aad4ec418,141,7,2025-01-24,1010
ce81f5ac-223c-42d5-9325-67ea64f8188a,137,9,2025-05-08,1834
8dd7cdc9-70ef-4cb8-91e3-c8ff1a42e118,179,2,2025-01-30,1255
c5410d61-5588-441d-b00e-62c56f87dbc8,190,2,2025-08-15,1829
7c9f24ef-1dd2-4c93-8636-360175e46d20,194,8,2025-04-13,1234
6be39de9-51d6-4329-b694-18d6985b2286,154,3,2025-05-05,1625
c593d706-34ba-481b-b24b-415ea90a255e,160,9,2025-04-24,1637
5f795e07-3b0a-4543-9f9a-b5af1378c14a,116,2,2025-03-01,1145
946fb802-720a-41c0-9f44-613fe1052e5e,119,8,2025-06-25,1327
266fb5fc-0c8e-469e-bb1f-058937089b9e,179,4,2025-05-04,1736
7f177474-ae34-4bc3-8171-06c0d68a72a9,144,4,2025-05-22,1267
17f99cc9-6c46-4167-8177-7c469e6ab768,178,9,2025-01-11,1179
2836fc6f-8482-42b4-9b3e-71937168dec6,154,5,2025-02-11,1487
0c66686e-e94d-449d-b236-83fac9d2e4a4,185,8,2024-10-22,1447
db182adc-cef4-48f6-b6ec-f371c5ddfea0,129,1,2025-01-17,1987
bf446976-9607-471d-8963-5509d517a827,191,6,2025-04-28,1475
45551134-61c4-43f5-8262-d9c3632f23ee,128,4,2025-01-04,1561
cbde4d46-19e8-41d7-a737-b454974cab45,137,2,2025-01-19,1702
088eee3c-7e45-4810-92fa-4b186bddac78,102,2,2025-06-03,1608
42e2bd0e-711a-4bb7-bf31-07f9e7202cb9,198,5,2025-03-13,1000
9266bfde-4be9-4690-9329-0e611f29616d,121,9,2025-10-15,1398
90bcf6eb-5528-4a48-98e5-80bb5434a7da,159,6,2025-04-20,1676
14afaf22-1aa9-4f5e-8d77-f0b56662d17f,117,7,2025-09-08,1242
57069941-dee9-49d9-837e-c388edfda64f,146,2,2025-02-04,1784
9d5f0a56-4e4a-4e34-95d8-afdf169fc7e3,117,5,2025-08-16,1252
8a58f36e-f22c-48a7-bae1-55e754b290ef,105,1,2025-06-11,1138
fdf1e039-1b79-42a6-82af-6a6c2fb77d5a,134,3,2025-05-24,1908
77b6eac7-e0ed-4bd8-a02a-b90a3122ff61,196,6,2025-04-18,1622
6169cc59-3fe8-46ce-96fa-67ae314e529a,104,9,2025-05-17,1346
02903b9e-a5e4-4f81-88a9-bbe6acd43036,166,4,2025-04-01,1734
00c79d67-d2ba-4362-94ce-b14ce3944f5e,142,7,2024-12-15,1894
6464b22d-eea8-4e08-be3f-5b05d7728f3e,186,5,2025-01-13,1452
7cab3597-960b-49d9-b54f-37b9ad693758,183,8,2024-11-20,1650
6db701c9-8933-4278-8615-9ebab9eaf87d,154,8,2024-11-29,1988
418994ab-da41-4a07-8fb0-957b27c147ab,101,5,2025-08-03,1942
6841adfb-ddd9-4353-abb4-f45d143af32e,105,5,2025-05-29,1680
0752d7ef-421a-420d-b879-765b2ad03c06,130,5,2025-04-21,1450
29bea7e3-100b-4e3e-8f36-f61ad1a17b22,157,6,2024-11-27,1733
b31256df-8535-4f6f-8306-7d69dc2c2400,163,9,2024-12-15,1247
ff81f79e-362b-4ef1-a016-2c671d072df8,150,7,2025-08-08,1070
425d3f42-a6e6-4f22-9649-ba7e7101712d,116,2,2025-08-02,1203
3a88fe03-5787-425d-a8d0-0ed73baf3365,102,6,2025-01-25,1803
875a77e2-9ee0-4bcb-8afa-d21b8918bf36,161,4,2025-07-22,1455
59aa76ee-9523-492b-ac76-703d4d19b1aa,189,2,2025-06-09,1106
2b58dabd-d71a-4c96-ac74-8357b42b8388,130,8,2025-07-29,1306
71a15cc0-0346-4ae7-8f56-35b2265f5c63,135,6,2025-03-18,1436
777c0de0-0e77-4bc5-9b89-45c56059f230,122,5,2025-06-26,1938
d28b6824-3e12-46ed-82c1-04e0c9cf671b,168,3,2025-08-31,1782
d3996fc1-6482-4f89-9afb-6577616783fb,108,9,2025-10-15,1586
e04af82b-b34d-40ee-89cd-d5e0da6528d9,196,6,2025-09-13,1405
28df947f-ad98-43a8-9097-e0991969f809,132,7,2025-09-05,1268
865e1303-a7d2-47d3-a85f-d8a37016e457,156,4,2025-02-02,1461
1b81cc97-58ba-41e1-8f52-a1c3a9d9a46f,146,5,2024-11-23,1297
772411e2-99a1-4f90-bb0d-e1be85651c5c,189,3,2025-04-17,1117
8cd54b1c-b344-4414-990f-90b8151abecd,138,7,2024-11-10,1082
e0208a9a-cdc2-4dd8-9307-a4927daa2348,109,5,2025-05-24,1280
8d0096e4-8386-4496-ab3a-b6208658b507,169,9,2025-05-11,1444
d475b389-0883-49a2-af01-465e77afa719,127,8,2025-03-27,1731
058ac1e6-9df3-48e0-94ec-aad3dbb9700b,160,9,2025-01-17,1742
d3fb1528-99a3-4d3c-8fb6-6c0092a2db1f,157,5,2025-03-04,1228
110a4330-2246-4ce6-baaa-1c602aacc80d,133,9,2025-09-21,1475
f8dc63fa-bfaa-4ff6-8c09-13fe2e9df30e,170,4,2025-05-13,1754
8b522e25-dec4-43b5-8899-79686b923c39,160,9,2024-11-04,1279
b0811095-23e8-4b53-a263-2edebbf55b5c,155,6,2025-07-26,1048
a6cb3615-74e2-4831-9db5-94fe473dee4d,116,5,2025-09-16,1710
c8b21c65-6288-4552-a20c-5fcb54c45a27,148,9,2025-04-14,1087
ccbefa07-6196-44fa-994e-b09821f7cc4c,139,8,2025-02-04,1638
29230614-dee2-4a52-8859-c79f07e7083f,105,2,2025-09-13,1790
29ed5a86-9c0d-4223-ab47-69258efa8285,171,3,2025-05-05,1129
411113b4-1780-4b56-bb4b-2c88a78d7de2,176,1,2025-02-02,1655
b015196d-298e-47a5-a055-3273e634b86d,181,2,2024-12-09,1124
7eed2a89-7a2c-4a95-bd93-a903b020dabe,122,4,2025-03-14,1043
5993887c-f724-4dbd-8852-d3eb846f9e04,173,9,2025-05-21,1715
383e938d-7d88-4a7e-bae2-ed92699ce82e,148,8,2025-04-26,1869
3546d7ee-02f6-4382-8bad-28315c2de626,129,4,2025-05-09,1171
2f1556bc-9160-495c-b4c7-b437fff1ec7a,194,4,2025-06-09,1993
a3485611-390b-4b9e-a3e7-e84ac50b7a83,184,7,2024-11-11,1891
9516125d-71ec-4a27-be25-609e6a0ac909,102,6,2025-04-02,1075
139611b9-b16e-4ef7-8182-05848dee54e3,164,1,2025-09-20,1262
a65b2514-5ef7-4690-b166-14c8901aaeb7,115,7,2024-10-25,1926
b8a9583f-a9df-43f2-a635-d4406546eab6,117,2,2025-08-22,1459
0ab5b86e-2768-4415-bd8e-71ba4e72ae7c,166,6,2025-03-26,1139
2a94b540-1304-45df-b8e0-638b07e0998c,154,6,2025-10-16,1030
8bce23b9-7f39-447b-9347-0c00dd374de4,199,3,2024-11-30,1936
2fb37f28-78f7-4d91-92b0-1392e79446dd,119,8,2024-12-05,1824
10992648-f861-4645-8eef-0eacb7c913aa,135,9,2025-09-05,1033
7f26bc5d-643f-4137-b990-139b130c6d51,153,2,2025-05-24,1560
1ca8daa8-7602-4911-b593-fd98b34ce1ca,130,1,2025-09-03,1504
32382b0b-06f2-45f7-902d-fa2079cb2ba2,123,2,2024-11-12,1783
70521997-1a07-4c6e-b529-5560ea7c6fa4,139,6,2025-06-24,1588
80fbeed4-ef61-4fd8-ba90-c5c27e877e21,142,9,2025-07-25,1283
0304c237-d537-404c-9907-eaed7f1496e8,101,9,2025-01-25,1902
f6be4308-6451-45c2-a80d-1c4860f4da7e,190,5,2024-12-20,1643
2891d278-0140-4fcc-a5ad-c76f9c08e25e,160,5,2024-12-10,1208
13bff2ab-70bc-46b6-bc6e-201597cf60bb,113,4,2025-04-20,1054
f6b0264b-27c4-4ada-a49f-61092902e3c8,194,6,2025-02-04,1233
84252481-60b8-4f9f-85dd-e048bf0fe4c4,163,6,2024-11-06,1762
cfeb3b80-2b6c-4de0-84e0-7cb5e119a3a7,130,3,2025-01-14,1227
c77d4111-ff12-40f5-b74c-6c4da541cf50,109,7,2025-06-16,1538
4f463de3-67c7-4950-909c-a6e45d634062,136,6,2025-08-24,1137
5b1edc5d-90f7-400b-8eb9-6dc45b549ff1,115,5,2025-08-30,1404
d5d339ec-a0d9-49bb-aa65-195f76ac7ab9,110,4,2025-02-07,1098
9aa6bffc-60bf-4f01-8177-7d6978b89a79,194,8,2025-03-26,1315
e581ad65-a0e4-4f11-b223-be4f9d12dd5e,124,6,2025-10-05,1749
957f51f1-e807-4322-8150-023033c91795,126,5,2024-11-22,1585
7432b325-9b5a-488c-b60d-dc8d4c14ca94,166,9,2025-04-19,1383
3a6d845c-0c1e-4ced-873d-c9279c65ab6e,120,4,2024-12-22,1946
0df9d50c-4630-456d-a88e-8ca383a71c50,108,5,2025-05-16,1552
74fc9d54-7be8-4676-828c-1956eb60af31,161,3,2025-01-25,1806
1ff56167-b9a8-4c90-9edd-a04ef3122993,120,3,2025-09-08,1764
c2cc4c3d-29aa-4fc3-a54b-83b53b43f580,119,8,2025-09-26,1392
12022d54-abbc-47c1-b720-d01dec086c05,169,2,2025-01-05,1492
ea605f24-f250-49ae-be96-8ff2b0661434,193,6,2025-01-29,1146
e72e9a5b-9046-4bd2-bb9a-747c701cb46f,198,4,2024-12-31,1108
550978d3-0eea-41a8-b440-d16b06624f65,101,2,2025-03-21,1989
c0fbcd81-550a-4648-9120-f2afefcf0360,169,4,2025-02-05,1902
6bb6a4b0-1275-4270-a735-0ae27a8875e8,115,9,2024-12-24,1604
8ebb6499-3a30-4f3c-9db5-1dee808222ca,166,8,2025-07-28,1352
af235f02-69f4-43ac-9b50-277d5e9e70c6,160,6,2024-12-06,1300
902653e9-38f9-4b27-8841-1ed8ddbba65f,133,7,2025-02-03,1877
c3c0256b-1326-435c-bb4a-964723a0987f,161,7,2025-04-28,1224
e00e06dd-5697-4777-ac73-0f762dcd5467,174,8,2025-07-29,1908
4819cb34-b21b-4b8d-9a62-7bfdd8b1aa08,122,1,2025-07-27,1266
197117d5-a6a8-45d6-a670-4e799068b057,121,1,2025-02-28,1390
383e2d76-3271-4622-a634-3e493cf9421d,100,2,2025-08-20,1153
bddef162-6768-4973-975b-8b0fd6b13e91,160,4,2025-05-04,1971
f22b4cb8-f7dd-4f36-b0b9-219f4c1e54d8,147,4,2025-10-01,1251
adb2572a-8f4b-4011-808e-6874d97b7a1f,195,1,2025-06-10,1109
9fde84a7-0a59-4ff5-8110-e65e1e7699ef,115,6,2024-11-16,1977
13570d24-bf24-49c3-b038-8219fca7c6a3,165,1,2025-05-14,1984
eea40be8-59fa-4372-8a7e-ad3cb33e736e,128,4,2025-01-24,1209
955ea320-efb2-40a5-a4e9-c2de3310f240,167,9,2025-02-14,1028
3667f70d-e36b-445f-865f-2a946b10fd8b,137,6,2025-02-11,1724
6fc82518-e721-467b-bb22-ba9f9cd0e2fc,158,5,2025-01-12,1341
cacfa21c-78a9-4089-9cd3-e72adf4fb113,155,3,2025-03-11,1305
06f5a7bb-05fe-419f-8ee7-bb9acb8838e3,100,3,2025-10-01,1430
0b28f9a9-1d18-4adf-bae9-5b66b28e0581,181,2,2025-08-30,1579
1326b110-6d2e-412b-b1c3-a9cb9ae13e24,160,3,2024-12-08,1663
25d0f94f-e4d2-418a-b8b8-7193552405a8,158,6,2025-10-07,1307
f19f5e49-fa2c-446f-8a34-9852f1b14cf2,128,3,2024-12-01,1634
a65f70bd-1ae3-4830-9052-dabf84df3c28,131,3,2025-07-12,1341
1f5c0689-4ecd-4070-94f9-bf41d06d99f7,146,6,2025-07-01,1287
9189d42f-9438-486d-9a60-45632d797fee,110,4,2025-02-08,1068
5c5169cd-ad1a-4999-8f1c-fda98bc6c14e,121,9,2025-01-25,1231
058bbe00-bb6c-46b6-a736-d4e39895bd72,145,8,2024-12-14,1500
3da14840-daad-40c9-a3d9-67804c115a7c,169,1,2025-04-17,1407
d1c7e65b-cd53-406c-9351-13e84df7b6d3,102,6,2024-12-13,1896
a3c59c87-c316-4254-a6d3-6dbf867cfbf6,131,8,2025-08-21,1040
3e124164-1800-4a7b-812e-e0038813d446,195,9,2025-08-20,1395
2d3c01d7-9365-4010-a8c0-57858f5af4f0,106,3,2024-11-15,1924
ad558052-c58b-4101-aeed-1eadfd8ca22e,184,1,2025-08-06,1525
1483c712-cb80-4eb3-a9d5-39429a611f63,146,9,2024-12-06,1500
56855d29-0f8e-4a21-a303-41c69e1ad710,126,4,2025-07-26,1477
4566d62d-777a-4c3d-ad24-365476058926,146,6,2025-09-04,1439
8bd15ae3-667b-48e7-9eea-34b01d641e61,198,8,2024-12-31,1505
a084c903-4221-4bf5-9a85-748b9417cbdc,139,7,2024-12-16,1940
28f72131-bb8c-42d2-b640-c66668046763,164,3,2025-09-08,1188
785e0ebc-ece6-420c-8a1f-b7628ce8bd0c,130,2,2025-10-04,1679
86831f10-303f-4089-90b7-2e9a630157e8,191,2,2025-06-22,1924
4629dd1d-36d5-4beb-8c5b-bbd91c9312ee,151,9,2025-06-18,1115
773c0b50-881f-4dae-9482-e899bb240c5b,134,7,2024-11-23,1148
f1cf75fc-3456-4ad6-9913-3779759fb1cd,185,8,2025-08-12,1477
8932697c-c2e5-47cb-ac88-361b95cfc00a,136,7,2025-06-22,1230
ef6b802b-70d6-474b-b0a9-616085ac144d,144,9,2025-09-07,1320
47c0cc89-c072-4f17-af13-a6fec68be0bf,168,7,2025-08-08,1666
ee7badf7-a8ef-49db-9533-3381cf2003a8,129,8,2025-02-25,1345
f8fdbff8-13d9-4d9e-9abd-0d870398cf92,124,3,2025-08-10,1599
fa57f24d-aea7-440b-bf4f-2d048b5feb2a,162,5,2025-01-12,1034
8811cf08-da22-40da-8c0b-7ccaf9e03cd2,162,2,2025-07-20,1695
a44812eb-b595-4c76-b3d0-854585f7a13d,178,2,2025-03-10,1580
5a360c00-1f15-448c-a6c8-e3f196a79846,188,4,2025-03-22,1117
e079cd35-4f49-4b5f-8425-3586f681ce3a,142,8,2024-11-24,1599
17d11835-f893-4efc-8597-0d565ad51251,100,5,2025-04-19,1860
8fbda0ab-e4de-4780-9749-0fe95a11d643,154,6,2024-12-03,1931
fb1498a3-b322-451f-a13c-5ab59c88fe4d,135,6,2025-06-07,1535
2e3d520d-ef8b-4d6b-9a75-b37275648f58,157,9,2024-12-21,1541
2f78f796-f320-42b6-885d-1f93d7dba23d,154,1,2025-06-19,1411
dd0c81bb-d95a-4a39-b5fd-0015062a4709,174,5,2025-03-17,1687
d987246e-ef23-427d-b755-bf02a2f24ffa,133,5,2025-10-16,1733
cf522897-33d8-4f54-b77e-e99e74712a60,131,9,2024-12-26,1722
abd5ed50-955f-4abb-93af-0b2f28d8501d,127,7,2025-03-10,1527
efc4bb8b-3a5e-4fc2-b956-17edcc491737,129,7,2025-03-28,1574
1d9116b4-64c5-49fd-b55a-356d23d96b63,138,5,2025-05-30,1534
a0adbe69-53e9-405a-9157-73e133c44b8f,110,3,2025-06-08,1395
a7b7f0ee-2d01-4269-a92f-e4f1bbcf6b20,166,2,2025-04-05,1917
d6728a98-8a42-4e0e-a2d9-dd00493da821,137,8,2025-08-22,1680
e5997622-61c4-456a-bdc7-6e056c20a159,140,5,2024-12-08,1585
9216cb14-e884-45d5-ab69-2bc06bc5c76c,133,3,2025-09-24,1551
b6cd4612-06b2-4480-8d51-a3e144f86237,188,7,2024-10-28,1828
8dc67f75-9986-4ce4-8728-59be4aea3f8f,156,7,2024-11-07,1021
fc6d5fd1-2c1c-420c-8680-fd37bb33e1bc,127,8,2025-05-11,1494
45f9bb34-ae78-42ab-92df-935ccef70e97,134,6,2025-10-03,1014
f2f8b639-6cec-41ae-bef2-3420419ed4b8,108,4,2025-01-05,1891
a0859c63-42d2-46de-be46-0d126cdc38c1,138,2,2025-01-19,1844
076949fb-ced7-4205-acab-e8526aec1837,160,6,2025-04-14,1476
62a4ba15-8e06-4a98-9152-2ae8c91758f6,195,7,2025-06-16,1442
1ca88195-4db0-4e06-a1cf-6a57187e4a04,130,5,2025-05-22,1366
8af04ff0-30c9-4cc2-a2fd-59665c29b48e,199,6,2025-05-17,1133
1d82b113-6f5a-476b-89e8-d1969b768563,183,4,2025-05-04,1924
c9876cbf-0d6b-4baf-8fd4-d5638e187265,139,4,2025-09-13,1909
6873f26a-c18f-4cde-948d-ddc984039166,148,8,2024-12-04,1885
364393a9-9658-46da-8124-6c6aa2ea0276,188,3,2025-01-26,1997
7baa9338-3417-499b-964d-3140a2d8e8c3,171,7,2025-02-23,1942
33901a52-1516-48b5-a23b-46374a3d75e3,176,6,2025-01-02,1990
768dbc39-d0bc-4425-acc0-888afb2c4f1f,166,7,2025-04-25,1714
9d117aca-2897-41f8-af7d-60b2ef0cc977,126,7,2024-11-24,1933
0f8714d8-29fd-4e99-9a84-4ae4c827b65b,148,4,2025-02-25,1167
30f15688-2a2e-4f79-b340-6b1e16086c90,162,5,2024-11-13,1768
4a716d5e-ce60-4ac2-93d4-e3ed8efe2487,112,4,2025-10-11,1580
573e7e61-d4da-4f49-8612-3aa4a352955c,111,5,2025-06-12,1200
5e890712-44ac-4849-9576-82f06103e007,163,7,2025-06-24,1771
ba83e712-bfaa-4e5e-81fe-94f86e0987b0,171,2,2025-08-18,1334
bef8947f-dd1a-49d5-a44a-a8ca26c2efb9,194,6,2025-04-16,1763
b2114484-3bab-40a5-9494-13180d80cc7a,196,2,2025-05-08,1949
15a33fd6-69e2-4cbe-884d-aef9df33c6fb,133,9,2025-09-13,1872
b574ae72-23ba-4ffc-8f48-d5e3d3e5ff70,147,5,2024-10-24,1729
6448f12b-1592-48b5-91f8-f69fd9741428,155,5,2024-11-17,1505
6ebffec9-7fc6-4433-8b01-a6432455f499,105,2,2025-02-27,1657
9b315c2f-96f8-45da-ae69-3cb6fd76872d,120,4,2024-12-05,1088
a4adb22c-776e-4ebe-a30b-78923197776e,140,4,2025-05-11,1722
4d213bdd-6dfd-40c1-8359-8765180e3b26,165,8,2025-07-13,1303
096c2d53-2baa-47ba-8672-c4adbf7800a2,150,2,2024-12-31,1310
d747cbdc-c951-44fb-bffd-967e9f306cab,156,3,2025-08-06,1537
5a7125e1-455e-48ea-b73a-679c7454bb8e,140,1,2025-01-13,1217
80aef8ae-1b8a-42e2-9ffa-dc6fc5ed0105,100,4,2025-10-14,1001
0ded39fb-75e6-4807-bcb4-d879d0075ae7,196,6,2025-01-16,1395
37ed2f88-1d28-49bb-8ef8-c09e31740653,184,8,2025-09-28,1732
bb5b10e9-1cc9-46fb-ae7a-cf6c98b6f1a2,161,9,2024-11-10,1955
3261f662-fc71-4763-9fd4-c368103c5733,136,7,2025-07-12,1765
9c7f78e8-6726-4c80-b063-007033f4703a,185,4,2024-11-14,1813
f33c0361-9339-4ad0-b48d-0bdfe7172d88,168,1,2024-12-29,1279
7052a244-9f18-496e-8918-604462ce1bdb,167,3,2025-02-14,1565
36afbc1e-83b5-482d-940e-6f8bb75fb922,173,9,2025-08-22,1320
4ec3baae-47a9-4bee-87ec-d3672e315ffb,158,7,2024-12-29,1188
b9eb36e7-1675-4e0b-a653-4a31663a4cbb,176,8,2025-02-09,1960
e8558fb0-1ba2-455f-b7ba-e8faff1d17a5,147,3,2025-03-21,1989
9858b9e4-64a1-4258-9744-766e8e8ac046,176,4,2025-09-18,1698
6d414739-068e-4dc1-b72a-b36f422f54bf,167,8,2025-04-11,1502
09f55fe5-7542-41f8-940e-5b66e38ed0cf,154,5,2025-04-28,1352
6cc79b36-16cf-4c40-9f1f-04fbac3266b7,179,5,2025-01-24,1256
500497f5-8d5c-4bf4-ba2a-c5d1f01cd73a,134,8,2024-11-19,1452
fb63b9ff-ce87-4bbb-91b4-01e4a9813f8d,109,2,2024-12-18,1764
62f9cfd9-2b09-4f85-9ebd-3333c43c0d62,164,5,2025-08-20,1313
3a4606e3-bd0f-4a5a-9ba2-b94763b7c666,132,6,2025-09-07,1379
3451df1a-3b7a-4df2-8c91-cdcf647f2acf,111,7,2025-05-16,1999
058f033d-f98d-44b1-949f-44bdf1d4460d,109,7,2025-09-25,1116
152a1f90-2903-49ad-b53e-da64b70f4aaf,156,2,2025-02-27,1943
21b6a9f0-ed20-4bca-9b92-f834a87082c2,186,9,2025-04-03,1986
c7451a99-8139-4286-aa8e-3bfe6b814713,168,5,2025-01-10,1467
4738854f-1343-46f6-9794-4fe05d4541ed,158,1,2025-10-11,1131
bb3e9df2-ec7c-4402-aab8-d4e82870a813,169,8,2025-08-22,1194
443836c3-8a09-4870-85a4-8a2ee035a4f5,192,5,2025-04-05,1901
a5409a24-8508-448c-a5b4-35567462f9d6,164,3,2024-10-24,1890
25eeceac-f6d4-4fd6-86a7-99d68e1fae2c,159,3,2025-07-23,1321
52fce931-7006-4532-9108-142b4354e876,105,1,2025-05-12,1894
7d1dadea-b402-45ff-9d50-de7f8eb67b75,152,6,2025-08-08,1772
8aab2328-7559-43f1-a3e5-ecfc34a41a4f,159,4,2024-11-02,1517
9b4b36d4-d53c-45bb-948c-c33efe860c3f,161,5,2024-12-11,1780
7f3e3573-ff11-4bd3-bd44-a813e17b3ba1,125,2,2024-12-06,1161
269f052a-6656-4e8c-bcb5-4283db68527e,142,4,2024-11-30,1118
e93e05a1-bab7-4426-9ea1-db5feb0d7e70,172,9,2025-05-03,1720
9347e680-5e29-412b-ab3d-87e105bce88f,169,7,2025-04-20,1288
284624f1-1859-4dcb-877e-6a1cd3d1aab7,141,4,2025-04-10,1527
6ce48095-5531-490e-8c76-dd85505a16e5,161,9,2025-03-30,1446
d369402b-9a1e-4a7b-9c12-2b28d6b00959,135,8,2025-10-14,1343
f7f76e5d-f447-4629-8bad-8d4a77f1d999,188,1,2025-08-20,1654
24ec2b73-39f1-4857-90f0-9e33478e9fa2,105,6,2025-02-10,1478
5d0b2968-8e44-4dde-ac8a-6e54a8fa353a,100,9,2024-12-10,1592
38cd17a7-406d-4800-b94d-9241397557f5,175,7,2025-06-13,1264
6571de49-98df-4b13-a2d7-bfed7620ddac,132,7,2024-11-09,1811
8123abd3-1b0f-431c-bc73-036824cd6366,189,5,2024-11-22,1534
28b69961-52f1-4a87-b618-98d3c9318932,153,8,2025-05-28,1725
884020cb-7b4f-4481-ab98-2ed962fc8cfe,182,4,2025-05-25,1874
c7144667-9a57-428c-908b-5695a15cdddb,111,6,2025-07-12,1438
cbcb701d-9877-40a0-b9a4-81b413d5efe2,120,4,2024-12-15,1310
caf16efc-f61d-43bb-b911-1f2085593c74,105,3,2025-08-21,1546
d772d877-2d37-4875-b218-f90bb81bf2ba,172,7,2025-06-07,1448
17689850-0430-41a9-a267-fbf1747262b4,141,1,2025-01-29,1402
cfb83cf3-eae7-43fe-9fbd-332eb6472e7e,126,3,2025-08-24,1372
f8fbe53f-4c1f-4861-a0ca-db2c0a504163,188,5,2025-05-18,1760
4fa08f34-7177-451e-bc79-45afcc3f2d18,178,3,2025-06-13,1105
e93a8c98-7a43-44d7-a7fe-0658921e4d1d,139,8,2025-01-12,1173
3d1f4cfa-e0dc-47b7-8dd3-e48b86e1eeb1,124,3,2024-11-30,1376
03deba47-e763-43ae-9621-ce0b888031da,177,6,2025-03-05,1822
a6219668-0d4e-4652-a2b8-28fc685a33df,120,2,2025-09-18,1934
55ba9be1-74a7-4540-8192-b50c9a104dc1,121,4,2025-04-07,1288
836aca27-4f2e-4122-a75a-8a78bc6ad3d3,188,3,2025-08-10,1574
94555de5-9a06-49a1-b087-9c570292b47b,107,6,2024-10-22,1903
c33edb73-da07-49fd-9ac6-1d78dfe10a63,179,4,2024-11-21,1617
24fe6b3e-10a2-4d67-bf68-c3ae828d34bf,104,8,2025-09-14,1213
b4190159-5208-441d-be03-e54a46553d5d,190,2,2024-12-30,1160
9613a4b9-38ec-4f2d-ba89-a63bb2c08d8b,104,7,2025-01-10,1414
0cd47ac4-b1a8-4c74-8ee6-a91c293a1274,133,7,2025-02-07,1590
fb17f747-bd65-42f6-86e5-f80dd3441189,190,5,2025-04-17,1277
049abac2-e6f5-48da-8c25-c9eb976d4f1c,125,9,2025-04-01,1140
f676797a-efd5-4e56-9bb0-aa8be3b4808c,158,6,2025-08-23,1526
dab3e714-4109-4e7d-8148-644f781514c0,177,5,2024-11-28,1339
99b3df2f-f5b5-4b41-bc70-eef9fee1aede,145,4,2025-05-20,1894
43fd8e22-9517-43b2-b060-fa4b7b404f9b,174,1,2024-10-29,1913
6c706318-409f-4b61-b89c-d04af7b467d4,140,8,2025-04-05,1862
4cdd3568-755f-4d28-b86c-96ba0a972c3d,108,8,2025-07-29,1193
25cc1523-8d8f-4f69-9f51-c7ee15abf217,193,4,2025-01-20,1688
4ccd333e-65c3-4f31-b12c-63a905e705a3,149,7,2025-06-02,1825
bbb2af57-1ad3-4ffb-ad65-095b3302e5aa,113,8,2025-06-01,1862
3870c432-152a-4eb9-aa1e-3afb11fc5a85,108,6,2024-10-22,1787
881157ac-2e0b-43bd-88f6-499dd45a56b1,176,9,2025-02-03,1507
2306cb77-f8c6-45cc-a414-ab98cb98e514,172,3,2024-11-12,1612
25230d51-1053-4093-aaca-4d6e69ebdb77,160,6,2025-08-03,1412
0007a769-fcae-45b4-a121-8d122d473278,133,8,2024-11-02,1963
9c8ebca3-445d-4d1c-8daa-d0b6363ab164,108,1,2025-09-01,1517
e30e1bb9-d388-44ac-b0f0-b59d1cd90c6b,154,7,2025-04-01,1145
4e833b73-b6dc-4f06-8a2b-6da3304a2cc2,157,2,2025-09-23,1366
268bc5eb-2706-4106-8521-47d8ceed56a3,105,4,2025-09-09,1103
2dfebd02-4c85-4336-b818-7d8ca10da9fe,118,2,2025-01-24,1586
ff77745f-d69d-491d-898c-48232cb5217f,130,2,2024-11-09,1490
c13454ae-6be7-4f2a-9bef-eecdb3ce7951,160,7,2025-08-08,1554
074ec22a-71ce-4ece-bd23-68cf280c3a2e,181,3,2025-06-06,1180
cc1f4131-8276-4ad5-8f21-9e4992021489,132,5,2025-01-20,1802
26a61b92-1f86-4be2-877f-a27f6d927269,132,9,2025-03-15,1831
862bb854-01f9-4eff-996a-b3148a7e5260,161,8,2025-02-23,1815
53a06a82-ff82-4148-bf34-07acada068ee,177,7,2025-02-28,1092
b80c469d-0178-41dd-90d5-766b29e90b78,161,7,2025-05-06,1395
dcb58782-9054-4b0d-b894-f75f56123a09,103,1,2025-04-11,1789
64acc2bb-a79f-4b2b-b889-76b928831b60,130,4,2025-05-10,1230
dd3c3f73-844a-4fac-be20-0877982df7f5,154,3,2025-04-17,1829
d38a78cf-2be9-458e-9cea-affb9312ba6a,144,6,2025-05-21,1522
cf3c004e-19a9-46d9-8371-307e253aae07,181,1,2025-07-10,1821
fe4164cb-3edb-4949-9da2-77b9cbbc1a7b,195,9,2024-12-22,1294
9c59f34b-4e42-4784-8b75-d842c660c2da,135,5,2025-02-16,1709
b182a063-6648-40a6-9475-de7d99ee8048,185,2,2025-05-14,1091
39cb9599-c476-4515-9885-e04e713d5233,191,5,2025-06-20,1590
a58af839-00fa-4e2a-b2ae-b4e987149688,108,6,2025-05-08,1292
7765ddc9-717b-430e-a83d-afde414d70f6,198,1,2025-06-28,1776
81d90ff7-00b6-46f1-8441-5b1e73033693,181,6,2025-07-31,1527
65f2a0e4-185e-41f8-bc4d-2eeabbac31c1,159,9,2025-01-04,1753
bd7bb329-f43c-4f64-be1b-e6fe2ea4cbcd,128,3,2025-03-15,1242
3d019667-e527-420e-8ad7-882257c5dee6,140,8,2024-12-04,1916
550981d7-b5f6-4476-84c7-333c61678a7a,152,3,2025-01-22,1541
76b8dc34-528f-4bf2-bc95-52584163ad22,149,6,2025-02-25,1578
6dae3b37-8670-4b17-b2b3-a4bd7c31e8bc,134,2,2025-01-01,1558
8eb5c473-1320-42f5-8a22-b0381c6cf1af,177,2,2024-10-25,1826
221a23a4-fb8f-4c65-a3e9-5a4d1fe4b6a0,195,9,2025-07-23,1181
d1e05df7-333b-4965-8d96-7b8bd4921b2a,121,6,2025-05-10,1207
ba5322ba-eb8b-4e89-8da2-9b6ec7f4bec3,187,6,2025-05-02,1105
4c4a015d-4886-4824-ba2a-59e667efa20b,112,8,2024-11-28,1136
2cd6d937-2a6b-44d0-8841-5b53563820d6,132,4,2025-02-26,1926
d9a39ea1-9f1a-42dd-a3dc-8c424ad5ede8,152,7,2025-03-18,1427
32de9219-9963-4561-9ce1-28b66027208b,152,2,2025-06-29,1975
a6d4aa47-c0c8-4e86-9f1b-f257027583c0,170,2,2025-06-17,1822
79075dc5-0089-4c5e-805c-cb4fb81f682a,156,4,2025-02-24,1601
5e08e427-f6e8-481e-943e-b57eb1c1a4fc,118,3,2025-01-28,1304
7a6ad2a9-03a0-431b-84c2-b4affc5707f7,137,9,2025-06-15,1409
e76eb991-2ddf-4551-a7be-d178eec1f157,152,3,2025-06-23,1454
346c7e33-b2a8-4249-8610-498d482efe7f,194,9,2025-08-20,1874
f8e6d36a-08fb-4050-8850-c72e039bcc8b,176,4,2025-03-16,1426
7ed5f654-9922-46d8-821c-3b3683888100,156,3,2025-02-25,1990
fb67a0cc-38b4-4de5-94e4-af1452f3a5c1,196,3,2025-04-23,1232
7d876659-d39e-4e5b-adeb-dc0a3bce7242,147,3,2025-09-29,1300
b530e506-7d02-4b24-a377-ee2ca437cc51,104,9,2024-11-24,1763
8f218145-1c83-4fa8-b909-f337c0809362,184,3,2025-06-18,1095
285efdfa-518f-41c4-b5a3-04e368470029,101,5,2025-03-10,1377
6038ed0d-075f-468d-b6bb-df51107dcf83,135,9,2025-08-26,1206
ef7ba8d6-7d1c-4f25-9f18-cbfa4d7dcac8,168,4,2025-09-11,1153
ebbae075-69f9-441c-a856-6aada1db6fe0,197,3,2024-10-31,1396
5dbd62ce-4850-47e2-a787-999e35e91b2a,101,5,2025-09-14,1813
fe0aa732-b84e-4020-9dd7-6a9a3dc82dfd,114,7,2025-02-09,1419
32681668-345f-4373-b659-592c9038a3b0,198,5,2024-10-22,1055
1eb5e89e-dc74-4a81-bb05-b41d9f5f7ab2,104,6,2024-11-06,1428
0bdcbe98-fad4-462f-9ec6-d8c7c8902614,105,7,2025-08-29,1070
c40b78dc-efd9-4b7d-9d6f-38d3d3edce60,105,7,2025-10-01,1715
99c0ec89-c98c-461e-aecb-0f37aaa91ef5,127,7,2025-08-21,1168
d6cf7752-5b09-4b9f-b668-20e846d91c83,187,8,2025-07-08,1149
bd07b074-213c-4d54-8999-880dd08dd753,179,5,2024-11-03,1835
202d930d-ede6-41c4-98c8-4bcbe14babcf,181,9,2025-06-20,1008
044eeb73-35c9-4011-8e75-97f5eb693377,180,1,2025-06-28,1255
2ed3f24b-6ffb-47cd-be67-c806c769c974,103,3,2025-08-24,1535
8681af76-876b-40a4-a9fe-1c87b693b24f,179,3,2025-08-25,1211
bb3469af-dddb-4132-83f7-843a760b1108,135,7,2025-01-05,1540
171b9da3-cc3e-492f-b539-a0247568400d,113,9,2025-05-04,1021
d90d5436-4c70-461e-ad29-d69b9360a7dd,180,6,2025-04-01,1736
12332401-408b-47b8-850c-79745b8b6d8a,189,6,2024-12-03,1335
125e270a-2f22-4cea-b9ba-8b178eb6df56,198,6,2025-09-05,1863
dfc6e044-cb81-4261-af89-61cdecd4c679,132,4,2025-04-02,1712
0768acf5-0f9e-496c-8a28-b5ba234e90d6,100,3,2025-02-14,1475
7c5fc93f-226c-4b3c-afc4-67c2eede261a,150,3,2025-04-19,1390
5fbfccca-6e01-4e8c-8d26-89dae7fd7862,184,1,2025-07-17,1452
a367fff3-dae6-49d5-a023-c435f0b89ac9,149,7,2025-10-04,1992
f5a21a9c-8ee9-442f-a6d7-4d72f689beb2,134,2,2025-09-02,1686
18c14131-3c0a-4b57-9bc7-9195c1268491,138,2,2025-06-03,1529
c8e9dece-3ce3-40c5-be69-301dc7abaec1,149,4,2025-07-06,1613
17a8831c-3044-4465-92e0-93aa91c2d4b0,105,9,2024-11-04,1285
2f7397a6-d2f7-42a4-b7ae-b9d115be88dd,147,2,2025-09-04,1085
2b352dee-36f6-4830-bce0-0aa1849991b8,158,5,2025-08-14,1115
4badbcd4-e722-4169-b3a8-711df49775ae,110,8,2025-10-07,1374
687f6db6-e134-45b7-86fd-8ff8e52f7e83,132,6,2025-07-17,1868
6c8aef53-29a4-4bc6-8c3a-d9f0f836d438,190,9,2024-12-13,1681
c975d0f4-c16c-48a9-a493-98cf8c8791c2,184,9,2025-08-20,1311
a750649f-d268-4256-a772-26433ae3975e,112,5,2025-07-18,1526
79e0adf9-5d88-447d-998c-3ab7f9fbda04,178,4,2024-11-01,1675
db53cd96-fa65-4560-bf7a-dfdc3c18920a,131,8,2025-01-26,1226
15731eb1-5f39-4553-83d7-aa48f0b9cf5c,156,8,2025-05-03,1474
432fbb70-5081-42da-8512-e530bee093fb,141,2,2024-12-26,1826
95e74a10-b744-425e-8726-da8433dbf360,144,6,2025-05-01,1183
36e46df1-4721-447a-944d-ba4a38b22db5,148,5,2025-06-22,1012
e6ce1ee2-4053-4c09-883d-b194ca650a33,181,8,2024-12-05,1573
d51deb85-925d-418c-bdde-49270b4691d9,128,1,2024-11-06,1240
361ba26f-f7a3-40c1-849d-0add4832ba0b,166,6,2025-10-09,1230
e18bed75-ac16-4ec6-b0cc-6c966c025040,189,4,2024-12-16,1069
3bcf0766-4783-478e-9650-dd991d492ee9,191,9,2025-06-22,1610
48c61c47-8570-4420-8ed3-e7363a26ab62,104,6,2025-10-06,1127
d3dd644c-f7d6-4bd2-b8f0-c3994596ef00,153,2,2024-12-22,1954
14f7e911-cfbf-4bec-95b9-61195e000497,123,2,2025-09-22,1105
3a2cb410-66ed-486f-bcd6-579053892ea7,105,9,2025-10-12,1326
7bf04458-d006-403e-b200-db3fa5a83752,173,3,2024-11-20,1458
458cb4c7-d5c2-469b-abee-22223a8414c9,185,8,2025-03-30,1178
a954998c-310c-4ec1-b70e-43d694686609,183,9,2025-02-10,1265
5d5f44d8-9af4-48bc-abd9-583c6d12fc2f,135,6,2025-03-23,1558
bb540a01-5b4f-42d8-93f8-e17e40d269e9,192,1,2025-01-11,1555
2b5da089-a7f5-4978-ba9b-abe1694fb20d,118,1,2024-11-03,1044
60fa87ff-f1b4-4541-89aa-fe28dcba53cc,189,9,2025-08-26,1895
43c2cc63-186a-495a-8f5c-ba01bbe1bed4,144,6,2025-04-24,1280
e5ce2739-3cba-469a-9907-c1ee402dccf2,189,8,2025-04-19,1291
e83d5e22-974f-436f-a17d-dd39abebc719,113,7,2025-01-21,1933
32aac8e9-e275-4ad7-abf7-c0f1c2ed4446,143,3,2025-04-25,1022
7eea6f12-607a-4dc8-a7ad-29d375a3dd25,145,7,2025-05-05,1519
0224d502-24c3-4f0b-90a2-7ef5d47f383e,135,8,2025-08-12,1775
4a05861c-eeda-4d20-931e-431e466c538b,144,6,2025-02-11,1517
ff52dfcc-dcb1-4210-8302-2a127ccc6570,160,2,2025-01-24,1310
5a63b570-44ae-4b8a-8229-5768f49df40a,157,9,2025-02-24,1896
45857cb5-1235-47a1-b00c-e0a07651dd8e,101,1,2025-08-04,1608
f3ea8f50-b18b-42c1-b47e-140b57289882,110,9,2025-07-30,1014
dde66cc8-6654-4b8e-891d-e1105bcd6f2c,137,4,2025-01-22,1038
f76e0379-297e-4298-ac2f-bcb25e10614c,138,7,2025-03-13,1845
b6bd00ec-35b9-4fde-b1b7-3458c8327542,195,1,2024-11-25,1465
071a5a55-3b52-4948-9f70-10630827bc5c,142,8,2025-02-24,1117
62f10451-b0e6-4856-8bba-762884508763,151,7,2025-01-17,1044
95c225e6-7ff1-4d3c-949b-5591b09e865b,140,1,2025-09-24,1921
6b21acfc-749d-41e5-903c-84d1550151c5,143,3,2025-07-06,1758
48e0d637-358b-4b0a-8948-0fb1c54a821a,179,2,2025-03-31,1912
bba52bb0-7afa-43b7-9678-d7d89a3ebf0e,103,3,2025-08-10,1852
192b523e-6a1c-40bd-ad04-60ad628a2b64,152,6,2025-02-08,1254
88ee1e85-0e65-4cdb-8aa7-761762b707b2,129,3,2025-01-14,1351
7e290e38-c649-47c7-89aa-2d9f437878bb,125,8,2025-07-08,1520
22601557-e74f-423f-8317-d85b0d39ad56,148,9,2025-08-13,1388
76f5e163-6993-46ab-9581-a35e2d87808a,192,5,2025-05-28,1578
075b86d2-23db-45b9-ac87-7b680fd22283,162,9,2025-06-15,1230
0799329d-eb44-4643-bdc6-2b0abf78ca24,132,4,2025-02-18,1072
df92f0dc-032c-412a-85da-53b6717e4017,156,7,2025-09-23,1542
7197280d-ac29-4356-9f06-45a4307cab0c,133,7,2025-03-13,1740
d7c9695b-3bf3-4e18-8c68-2cbc6e445ece,131,3,2025-10-06,1789
80ae9116-7ce8-44cc-bc2b-d5dafea2d55e,181,9,2025-06-25,1075
5d4fe638-dbdb-4fcc-ad0b-72a18094cc94,142,2,2025-07-12,1983
4343f96d-bfba-4733-8a0e-367b02ffa6ee,129,6,2025-05-03,1581
88e4af33-0ee9-45e8-8bf0-2609f0167bbc,123,6,2025-06-13,1069
2a1ebeb1-5c42-440d-9b81-4b339ee5f442,101,5,2025-06-23,1766
40457903-fb18-4582-aadb-23840ecb3c74,105,6,2025-06-15,1138
942cc4f9-bc9d-4095-a5f9-f768110c0dc6,149,5,2025-04-05,1242
cfe05121-ae4b-408e-831d-d313b8a0de2e,182,6,2025-07-26,1678
d1a62ee3-a3c8-4341-b341-5e6e3e974527,165,9,2024-12-02,1319
f893f5f3-6cbe-49d5-9600-f5355eb854d0,152,3,2025-02-27,1690
01ecaa0d-3fa6-44c7-9d82-e571e0ab6c53,104,6,2025-06-17,1226
ca75e9a4-4d60-42ce-8615-739123219035,149,1,2025-08-04,1384
87c49040-c69f-40e3-9e5a-51721d1d1d0e,196,5,2025-09-16,1715
0b1d1a37-58b5-43a0-b018-f6797101f567,136,1,2025-01-02,1137
eb492459-122c-47e9-b3dc-1172a9ba54fb,165,7,2025-06-22,1771
fd884842-89b1-4d7c-9d65-80019d82e90d,150,1,2025-07-17,1487
be244699-a2e9-479f-bd68-554a6d0df2f6,184,2,2025-10-13,1354
c33b816d-c811-4314-bd83-3bfdb083ccdf,133,1,2025-02-12,1208
2e0293c1-7604-4cbb-abc6-13293dd73ed7,155,1,2025-03-27,1467
efce6e62-b37d-4736-961a-390dd60521e1,116,9,2025-05-24,1024
9bf778ce-99b3-4c7e-a7da-1f036e672afd,175,5,2025-09-29,1744
fbdd2095-c589-4778-9c3b-2b391b22de93,119,8,2025-06-12,1947
9f7644c8-2f10-42e9-a7e9-ebe272e4293d,110,4,2024-12-14,1252
c6be37e9-6c1b-4684-b8fd-e79cbc206943,140,3,2025-06-28,1861
66f76540-c534-48e7-adbd-4b98f3c82a0e,143,4,2025-04-26,1284
20e41813-a769-4397-ad1e-c46b9e46c576,115,8,2025-01-29,1537
e70a631c-f4dc-4be2-bffe-1a934df6e36b,196,5,2025-03-16,1640
6c2f911b-f547-4142-8fa6-9efe462a8170,120,1,2025-01-18,1182
a863e97d-9fb6-4ea9-a30d-99c162815c31,123,7,2025-07-03,1036
fc6f4198-2958-47d7-94f1-95eed9d6218d,185,5,2025-02-20,1597
f269e2ce-e236-4bd4-84ae-df08f7e91d73,170,2,2024-12-03,1241
b4ddaf21-04a2-47d6-a59c-f5e0b5baf31a,197,4,2024-11-17,1032
94db6870-f6c3-441c-b1b1-68faf7e0f8ba,157,2,2024-11-12,1907
406c7a8a-064f-4fa4-8d1c-8140a392074c,140,8,2025-02-03,1894
dbbfafcf-9729-47b7-9672-630a2f0f0e63,161,1,2025-05-10,1931
eb04eabe-c087-46de-ac4d-99e32a248bfc,198,2,2025-08-28,1512
25df4a8a-d776-4266-87d9-c1aa9489cb90,113,1,2024-10-30,1349
cad68988-d299-4211-9561-f5704b5032ea,121,3,2024-10-26,1090
d745c081-02ae-47cb-a418-77aad5102004,143,8,2025-04-15,1154
10369c6f-803b-45b7-85d2-3bc86dc1ee53,122,1,2024-11-26,1606
98bb558f-4c9f-4cc6-b552-db3fa0b8cf88,193,9,2025-10-14,1945
227ed65c-fc17-49bc-8f17-c65451fd6e60,182,3,2025-07-10,1256
01a3cb10-c67e-4669-a655-a0abbb542cfd,194,1,2025-09-22,1235
09c525bc-c9a1-4549-9bde-4f0d3284c390,189,1,2025-09-18,1624
a15f726b-bf3a-458e-a080-5ea8a27a0cc8,179,9,2025-03-15,1056
0f04fbe9-02b7-40c9-99a4-8a399826b340,114,9,2024-12-14,1683
9f1a718f-51fb-40ec-b8b5-eb51da8adfd9,147,5,2024-12-25,1731
90d915d0-5632-4484-ac22-28ab1c3451ca,178,8,2025-03-13,1451
a31a9004-b1f4-40d6-bc4a-06417a18df3d,170,3,2025-09-29,1769
ae156af5-1203-4c88-afd3-937504c733da,196,6,2025-05-23,1326
0264ff3a-03f1-4d10-9ae8-7a4e3dd3e9a5,137,5,2025-01-11,1097
68026bb6-8a68-4946-b6b0-1a47af46bba1,192,2,2025-01-11,1735
8aba9d67-472e-4389-b512-a7202d253da6,195,6,2024-11-26,1261
c5954463-f3db-46f7-9ba5-f84534b707bd,194,8,2025-04-10,1493
e35307ef-dc36-4aab-8868-3931b10cae4d,174,7,2025-02-07,1411
49c895b8-63f5-450a-95aa-b6ce09b761ca,134,9,2025-08-03,1704
0dbd964f-b9e4-4c85-80e5-77041bfe23c1,120,8,2025-02-06,1564
4929215f-8a33-4270-9226-54709195464b,162,7,2025-05-23,1760
18c953e4-590c-4f98-9bba-d2fbbb889d1a,185,1,2024-12-05,1205
a52ea0bc-1911-47c7-a2c3-10e757d7e3a3,102,1,2025-10-06,1747
0700c89c-8a6e-4b73-b65b-2a6f34d11e51,173,4,2024-12-20,1179
4e30d0b5-fe01-43c4-93e0-ab5ba93d07b7,109,6,2025-02-24,1465
29565953-dfbf-4a98-a514-9a585229fc72,157,7,2025-01-03,1794
62cee04d-d840-4c81-b653-7d2e3ab72340,108,3,2025-09-14,1432
38a296b4-a407-420b-88f6-4e3b509d3ed9,161,6,2025-07-07,1770
40874408-ade7-4e7f-8872-aacec7a8fe4f,173,9,2025-02-14,1329
8b5c2f24-d4a4-4a88-99e5-dad747d5ade5,168,7,2025-02-06,1093
776aac13-6a23-4510-ad21-145feeac8d66,191,6,2025-08-16,1281
8e2c288c-1321-4407-8d98-3c43d8ffd830,169,9,2025-04-17,1035
cd41ded0-7ae4-444a-b7cb-b784e29ce66a,104,8,2025-01-28,1625
1f7cd355-301a-4c0e-852c-daee933dc1bc,140,6,2024-10-30,1101
c3d088bf-9efb-4a45-b938-52bc3ae09e7f,155,2,2025-05-27,1988
680a2345-9f7e-4e50-b565-f36fb15934ea,170,6,2025-06-12,1022
ca942d7b-b6f3-4263-a5c1-f75047f518e5,175,3,2025-07-20,1842
0b647f83-95e8-4c0e-aac9-b2a9bebf0bd1,129,7,2025-05-04,1894
c49b8cc8-e1f3-4ce4-bd7b-f8337f3375f3,162,9,2025-04-27,1433
a376fa23-45cd-4a3c-87b4-28d30f482304,155,9,2025-09-07,1026
0cab8219-2d14-448f-8bc6-23a49d9ae9dc,105,2,2024-11-30,1010
080c9f3b-bc6e-4cee-9c5f-cf9d68887055,182,6,2025-06-29,1654
da3c39b7-4534-458b-b1aa-bd0eb96e16ad,184,2,2025-03-31,1610
076bf176-f4a4-495f-b3c6-25cce96efcc9,149,8,2025-01-07,1321
69ca359d-8347-4659-9ac4-fe0e49a17a7b,183,5,2025-06-09,1875
8e6cc6b2-effe-4837-a548-834b976b6d6a,188,7,2025-08-21,1931
c9c8abff-0fe9-4838-ab84-2a1337672a51,195,5,2025-04-01,1654
653b8b70-cd3f-4453-bc5b-695c7605b977,105,9,2025-08-05,1375
26c208eb-4c94-435b-bb6c-7a1e815e6ad6,170,1,2024-11-26,1047
0699d8f8-acc8-4168-a780-f0e8f4d19bfb,108,1,2024-11-17,1022
971a9363-9319-43d7-a654-518cb99737be,136,6,2025-06-06,1961
67698fc9-d880-45c3-a3fd-dbdd08aafd88,124,1,2025-02-03,1215
99a66a7e-d151-42d4-8cea-f3114d13ea05,192,4,2025-08-21,1353
9f90b734-c6a6-4bab-b0c6-1f133fa21017,155,3,2025-04-15,1401
b0e2cec0-7a20-4d94-9fe7-7b1939794054,147,1,2025-01-25,1606
54d3188e-c24a-4c6e-9543-6bc207a64cf3,105,4,2024-11-29,1978
cc49ac58-8099-4449-92ad-1ad1467037d2,177,2,2025-08-15,1729
131c3fd4-99b5-4477-a103-06685f4c1418,147,3,2025-09-13,1868
ff314979-3a3e-4b0c-b963-098581073a2e,143,9,2025-05-15,1804
5f792ce3-2936-4e8b-bc0d-c8b2f8574df3,127,6,2025-01-31,1948
ce65bdac-1a75-404d-aba2-8ad46687f839,175,5,2025-06-02,1399
669815c0-13a2-4312-86e3-32bedff6f69b,176,5,2025-02-20,1738
12fda9ec-c5a3-459a-bdb0-590621b4fae3,138,5,2025-09-22,1503
855974b8-3559-4e64-88ec-60cca32ba52a,194,5,2025-06-25,1455
4a3b6451-bcbb-484c-a0de-0a168616505f,103,4,2025-08-23,1982
e4c3ebb1-04e1-4b90-9c9b-684b8c6b9a27,160,8,2025-01-21,1292
72f3a9f6-3959-4c6b-acbf-ff5b19a225a0,196,4,2024-12-15,1721
24a9626b-5d29-4a2e-b710-8f576a7e3759,124,4,2025-06-21,1981
3ec384c0-bb2d-4f77-ad38-0ccb22c936dd,179,7,2024-10-24,1677
d879e55c-5312-465d-ace4-b791e2b4c4bd,106,2,2025-01-11,1455
d67f1d10-7c59-4493-9763-6dcb80817025,175,6,2025-07-15,1327
4fa55c3a-4396-43f4-b1be-28a9fb05ca04,124,9,2025-01-08,1449
61ca8190-8da4-4b2b-b8c3-9a20df9b830d,129,2,2025-08-06,1507
a2fee1b5-fbc7-4e86-bb46-bc072ce61f84,191,6,2025-03-20,1062
e8c1e3bf-c0cf-4f88-9f51-008531dd9bf4,131,4,2025-01-02,1833
af657ed4-f44d-4d8c-a36a-78b7ce042745,126,9,2024-12-19,1557
91580d21-699a-42ea-b9ef-2a57bc6e8d6c,174,9,2025-01-07,1482
359d013d-31e7-463c-9552-1f456d4ea26c,152,9,2025-05-05,1087
4a0fa4cd-3428-48ac-b5e1-37f991d1992b,123,6,2025-08-10,1111
eb2b700d-5a75-4a74-a690-c3f3a3d3da0c,136,6,2025-08-08,1667
91e3d0c9-0384-4fa1-9d47-201117c1dc6b,178,5,2025-07-29,1442
3e6e63fd-36a5-4280-8ce2-7e7f0e03553f,188,2,2025-03-26,1958
deb78ec7-ed1e-4738-9206-a4c89cc5bd6b,129,5,2025-01-28,1532
20746ad9-d1ff-4497-af36-8b9ebce2bc29,184,6,2025-06-15,1479
62a03575-969d-4c3b-9fdd-90bd82e89746,135,1,2024-11-15,1632
1d6d6614-7d80-413e-8661-0a995491f6cb,189,6,2025-05-28,1681
9a764c9e-580e-4c99-b200-b94a9e14b88c,198,2,2024-11-07,1652
5694c13f-7333-4302-8f70-55466c57096e,137,6,2025-01-11,1080
4964f466-f4b6-4c39-bab1-66304d9ec8a5,168,1,2025-06-10,1283
da8abd74-c757-430c-b52b-737f25a2e20f,166,9,2024-10-22,1093
295ecae7-b138-42fa-849e-41e606c6458b,147,5,2024-11-12,1926
1a5cd3c5-ff5c-4c39-8956-fc02216586c0,169,4,2025-03-18,1063
b2d7bb50-0e4f-44b7-9f20-8dfb4e4c84ac,110,9,2025-05-02,1228
0dc0bfd7-adb1-4e39-978e-9a7c68aaca47,104,4,2025-09-17,1619
16f5513d-c067-4b12-8063-ebf7178928d3,120,4,2025-07-03,1739
e35a902b-6d84-4880-8a72-886d77eda3d2,195,4,2025-09-26,1939
e3745ae3-ddf4-4e49-8f90-e8e7ff47e4e5,112,8,2024-11-03,1888
847fc670-e972-4b4b-9416-9166a0b0884c,174,4,2024-11-19,1282
696974f0-bff1-400b-a35e-05b1a5a81b9c,134,3,2024-12-25,1512
02433ae0-8726-4a8c-b4ef-f25e6ec95a36,120,6,2025-01-08,1367
12c869e3-2efd-47e4-b8fc-8d5f42d0f354,153,5,2025-04-10,1739
5856fd8f-74bb-4919-8767-6bdc19386272,114,5,2025-09-15,1252
3fc80fd1-df4b-41bb-900d-6dde73e4eba0,169,9,2025-06-24,1408
1d5888a4-7206-47f7-a111-e8b80ad575bf,187,8,2025-05-19,1411
cf66d6ab-16b0-4571-8850-06b2fba0e7c1,143,7,2024-11-23,1904
d536aff3-94a8-458a-b5d6-dba1e7378d08,144,7,2025-05-04,1285
610f5427-04ad-4ba3-9284-f3819ff9d56c,193,6,2024-12-23,1434
02cd7bcc-7e94-4d77-b140-cc3077ade2b6,119,8,2025-06-16,1509
d79249d9-5f92-40ca-98f6-6aa47774f346,123,5,2025-05-31,1563
72c390ff-4d55-4073-9544-d03b1bf3bb25,164,5,2024-12-08,1281
b2e5db42-fb96-40e8-abeb-6421b0553531,105,5,2024-12-31,1470
7a4e7ec1-f7c6-44e5-8557-114b74b169f7,160,3,2024-11-22,1217
47e6ee8c-ccee-4be9-843d-3f86233a98fe,129,2,2024-12-25,1324
93332691-83f7-4bdd-9244-cac70b0dcd10,130,2,2025-09-06,1480
23d68ebd-3f4d-47d7-a90b-8a4a7f164af8,145,2,2025-08-02,1969
c776e7b2-31c2-4ccb-ae5f-ff47263ebebe,177,3,2025-03-16,1113
e81414ae-a011-42f2-932c-8020cf8aed63,122,4,2024-10-27,1187
b3d7e17a-9643-4846-8909-3c1426540df1,180,5,2025-01-24,1777
d3b8b0e5-3190-48c7-9638-6769157f792a,115,1,2025-07-13,1538
df151fee-352e-4bc0-88ca-04ba8d57df69,167,9,2025-01-08,1026
d9b42036-c32c-42a2-afce-5f8516d753aa,129,2,2025-06-11,1143
5f2572bf-5194-40b5-8737-667623c708be,109,4,2025-08-16,1512
e29f16d5-a91c-44ff-9138-aee99d0e4592,166,7,2025-02-11,1010
b8d8db0a-fc93-4cfb-ad67-a979241ec4d8,165,8,2025-01-16,1802
5e2a4720-aa68-491a-b215-8e28f5a79c9f,105,2,2024-12-05,1796
71b81d16-649d-42d6-9644-373b629ff43e,194,2,2025-03-20,1858
4d70a139-9ba3-4ca5-986e-a70e2290049a,159,8,2025-09-27,1241
ee54d08e-1daa-485b-9b4d-75b7fb3d6a0f,190,5,2025-01-26,1741
e5e06f7a-05f5-4958-afb4-1f32c42c46db,111,1,2025-09-29,1350
e3c662bc-97b9-4df6-b074-bc88c97e158f,112,7,2025-03-04,1129
7618cb35-e8e8-4969-a149-3e7e9fed1915,147,1,2025-09-21,1149
4ea161dd-0106-45a8-ace7-2e209b2e9ed7,169,7,2025-04-24,1394
e70769d9-d8a9-45b7-87d2-94b5311b5209,176,2,2024-11-30,1463
29ebb3e4-c892-40e0-9f73-1ee4655ca138,144,4,2025-10-05,1021
2f00dad9-43d6-4f26-9673-7f64de5f0edf,103,3,2024-12-11,1156
f99c9105-e13a-4b62-b783-6550d3c1ee41,133,1,2025-02-22,1369
06ce9247-0854-4f36-98fd-a871a154f588,189,7,2025-07-22,1322
1683c5a5-5dbd-47da-86b3-d2ed6efd0501,174,8,2025-09-13,1517
e0b44103-1bc5-420c-9b7e-50b9e506b8d8,164,6,2025-10-08,1511
9d061a22-4d88-459b-8af7-5b8db1aa8cf4,185,2,2025-05-07,1874
9d02a467-e3f5-42b1-baed-6afdc7dfbf3a,130,6,2025-09-23,1149
bfcee4d6-79b4-4bb2-8bf5-80313a94dbdd,132,1,2025-08-02,1093
4c732184-1bf0-44f9-add5-bde43d44b901,187,6,2024-12-30,1957
0a01ac82-5e40-49d1-b9a2-47e647d46377,182,5,2025-01-18,1871
d9a832d6-7f39-4aba-a955-5fb86cf2a9f6,162,9,2025-01-13,1769
d54a6295-5d7a-4bf4-ad81-a041fc3ac6e2,184,5,2025-08-10,1896
75674d5f-231d-4a2f-80d6-e9b14c82760b,192,4,2025-01-05,1609
d234000f-aeff-46a6-ba42-220d25a77894,141,4,2025-02-20,1075
6f55677b-66e3-4074-bead-62e293de03b3,197,2,2025-02-21,1426
1b6f565d-5558-4fd0-b4b9-4dde975289cf,119,7,2025-05-12,1599
fdc842cc-8301-4233-94f7-65c71c1cd83e,127,8,2025-08-30,1969
2a1682d5-e043-4ed2-9df5-7ad31b2e8671,192,8,2025-08-08,1498
97ff6759-4b63-40fd-8752-cc6f75137b27,190,7,2025-02-09,1375
2869fe48-40da-4a3f-adf0-526ad33a11d3,103,8,2025-02-15,1739
6fb4acd2-f918-42ff-bb3e-36b8f397550b,125,3,2025-01-30,1007
0586e93f-d61f-47c1-907b-30f927184bc8,114,9,2025-01-29,1474
13308098-4dac-44ab-8538-86ad3da5055b,168,8,2025-02-28,1199
c86f0b67-f256-4d9f-aa08-04c175fe97af,112,2,2025-03-05,1936
bfe652d1-5041-4f37-9119-72a10a0015cf,133,4,2025-10-14,1720
d6fa9611-ab25-40ab-9a89-a445c6ef1880,180,1,2024-11-15,1284
60b03eca-7cd9-4e61-96b6-25ab89bfc63c,185,8,2025-01-09,1567
1b66751e-1b08-4ab7-be0d-49d16bf3ca81,101,5,2025-03-03,1928
0e95d2b9-ef8f-4d53-92af-6d2a339e9dad,140,4,2025-05-20,1747
55e3b9ec-9884-42ce-8f78-ce85055ea465,131,9,2025-06-04,1643
a35c8549-40e2-4d4e-8b95-d7c00c12cf0f,190,3,2025-01-28,1235
ff4d4d9c-eecc-4a52-8528-ac4f32626ab6,116,7,2024-12-15,1480
d0883ffa-667f-48bd-8767-1a4c68341d67,112,3,2025-06-29,1649
40b25f68-da03-4fba-99d6-463dffe85e9d,147,8,2025-07-26,1892
96002f40-10f8-4c22-8845-927386b636d1,107,5,2024-12-23,1579
f760e1c1-50c7-4a0d-bddb-9a823821cde7,109,2,2025-06-27,1726
aaa7835b-d301-4bb4-8d20-c48b663053f7,198,6,2025-07-11,1712
c4deedde-0cbd-4f51-adaa-8355b8bf6a9e,175,8,2025-06-17,1767
1a4f5b99-49cf-4ad2-98e2-b97c50ce2449,129,3,2024-12-26,1852
d3932145-0347-43db-9537-eb6d9674ce30,107,4,2025-03-05,1911
